number,value,datetime_start,datetime_complete,duration,params_batch_size,params_dropout_rate,params_learning_rate,params_num_layers,params_num_units,params_window_size,system_attrs_tpe:relative_params:0,state
0,3.4112435712679017,2026-09-22 13:31:36.604399,2026-09-22 13:32:15.016438,0 days 00:00:38.412039,64,0.4190609389379256,2.9380279387035334e-05,5,768,12,,COMPLETE
1,3.413882243216193,2026-09-22 13:32:15.432167,2026-09-22 13:32:42.252674,0 days 00:00:26.820507,256,0.12727747704497042,3.5498788321965036e-05,5,224,30,,COMPLETE
2,3.2682392973533854,2026-09-22 13:32:42.696589,2026-09-22 13:32:55.572537,0 days 00:00:12.875948,128,0.5496231729751094,3.972110727381908e-05,2,480,9,,COMPLETE
3,3.471690550270552,2026-09-22 13:32:56.004911,2026-09-22 13:35:28.676531,0 days 00:02:32.671620,512,0.21322963842135947,1.9634341572933304e-05,5,832,29,,COMPLETE
4,1.574807855097702,2026-09-22 13:35:29.179649,2026-09-22 13:35:47.232001,0 days 00:00:18.052352,32,0.36404761482446757,0.00043664735929796326,4,320,8,,COMPLETE
5,1.6880557193983305,2026-09-22 13:35:47.727049,2026-09-22 13:36:07.562163,0 days 00:00:19.835114,64,0.03165910223737665,9.46217535646148e-05,1,224,28,,COMPLETE
6,1.426795981924388,2026-09-22 13:36:08.078027,2026-09-22 13:36:24.721520,0 days 00:00:16.643493,64,0.6908208556203621,0.0020736445177905022,5,96,5,,COMPLETE
7,1.2219073817802275,2026-09-22 13:36:25.273224,2026-09-22 13:36:38.529454,0 days 00:00:13.256230,256,0.6041723981129155,0.0007411299781083245,2,128,3,,COMPLETE
8,1.2236231393940356,2026-09-22 13:36:39.055576,2026-09-22 13:37:17.727972,0 days 00:00:38.672396,32,0.4992713510560965,0.0019158219548093154,3,128,27,,COMPLETE
9,1.2483953070739537,2026-09-22 13:37:18.284724,2026-09-22 13:37:38.148339,0 days 00:00:19.863615,16,0.22004918675342866,0.0003355151022721483,1,672,4,,COMPLETE
10,1.1074587986803066,2026-09-22 13:37:38.732987,2026-09-22 13:37:47.793871,0 days 00:00:09.060884,256,0.6626417082144258,0.0021373802861410353,1,224,2,"{""batch_size"": 256, ""dropout_rate"": 0.6626417082144258, ""learning_rate"": 0.0021373802861410353, ""num_layers"": 1, ""num_units"": 224, ""window_size"": 2}",COMPLETE
11,2.0430785840707206,2026-09-22 13:37:48.367865,2026-09-22 13:38:08.627044,0 days 00:00:20.259179,256,0.5853177429971397,0.0001114408377094241,2,224,1,"{""batch_size"": 256, ""dropout_rate"": 0.5853177429971397, ""learning_rate"": 0.0001114408377094241, ""num_layers"": 2, ""num_units"": 224, ""window_size"": 1}",COMPLETE
12,1.1722608768343326,2026-09-22 13:38:09.204798,2026-09-22 13:38:18.351218,0 days 00:00:09.146420,512,0.6356762222681935,0.00783483345583361,1,96,7,"{""batch_size"": 512, ""dropout_rate"": 0.6356762222681935, ""learning_rate"": 0.00783483345583361, ""num_layers"": 1, ""num_units"": 96, ""window_size"": 7}",COMPLETE
13,1.2883665795575296,2026-09-22 13:38:18.922672,2026-09-22 13:38:25.670070,0 days 00:00:06.747398,512,0.6294856270035727,0.002776456649585433,1,320,8,"{""batch_size"": 512, ""dropout_rate"": 0.6294856270035727, ""learning_rate"": 0.002776456649585433, ""num_layers"": 1, ""num_units"": 320, ""window_size"": 8}",COMPLETE
14,1.2474346000487588,2026-09-22 13:38:26.248503,2026-09-22 13:38:34.489571,0 days 00:00:08.241068,512,0.42715640061508314,0.007846102192123729,2,288,7,"{""batch_size"": 512, ""dropout_rate"": 0.42715640061508314, ""learning_rate"": 0.007846102192123729, ""num_layers"": 2, ""num_units"": 288, ""window_size"": 7}",COMPLETE
15,1.1235949602583786,2026-09-22 13:38:35.097509,2026-09-22 13:38:55.268847,0 days 00:00:20.171338,16,0.6470761116957987,0.0006725933524820663,1,224,16,"{""batch_size"": 16, ""dropout_rate"": 0.6470761116957987, ""learning_rate"": 0.0006725933524820663, ""num_layers"": 1, ""num_units"": 224, ""window_size"": 16}",COMPLETE
16,1.1622852071245016,2026-09-22 13:38:55.882057,2026-09-22 13:39:10.023992,0 days 00:00:14.141935,256,0.6958355860867502,0.001267259908982826,1,160,21,"{""batch_size"": 256, ""dropout_rate"": 0.6958355860867502, ""learning_rate"": 0.001267259908982826, ""num_layers"": 1, ""num_units"": 160, ""window_size"": 21}",COMPLETE
17,1.135253202564283,2026-09-22 13:39:10.627327,2026-09-22 13:39:22.705734,0 days 00:00:12.078407,256,0.5248085260865989,0.0019116884872469719,1,480,16,"{""batch_size"": 256, ""dropout_rate"": 0.5248085260865989, ""learning_rate"": 0.0019116884872469719, ""num_layers"": 1, ""num_units"": 480, ""window_size"": 16}",COMPLETE
18,1.4499378342328622,2026-09-22 13:39:23.323735,2026-09-22 13:40:09.484717,0 days 00:00:46.160982,16,0.5660629943094238,8.948498932258424e-05,1,64,14,"{""batch_size"": 16, ""dropout_rate"": 0.5660629943094238, ""learning_rate"": 8.948498932258424e-05, ""num_layers"": 1, ""num_units"": 64, ""window_size"": 14}",COMPLETE
19,2.566557647902142,2026-09-22 13:40:10.113620,2026-09-22 13:40:27.074401,0 days 00:00:16.960781,256,0.6645431014685803,0.00015756474304848907,1,448,19,"{""batch_size"": 256, ""dropout_rate"": 0.6645431014685803, ""learning_rate"": 0.00015756474304848907, ""num_layers"": 1, ""num_units"": 448, ""window_size"": 19}",COMPLETE
20,1.1446469968514354,2026-09-22 13:40:27.711386,2026-09-22 13:40:35.622193,0 days 00:00:07.910807,256,0.5773213489814213,0.003985953960884337,1,352,3,"{""batch_size"": 256, ""dropout_rate"": 0.5773213489814213, ""learning_rate"": 0.003985953960884337, ""num_layers"": 1, ""num_units"": 352, ""window_size"": 3}",COMPLETE
21,1.280994110208798,2026-09-22 13:40:36.281343,2026-09-22 13:40:47.379916,0 days 00:00:11.098573,256,0.3692598821904361,0.0021493450476534046,1,704,20,"{""batch_size"": 256, ""dropout_rate"": 0.3692598821904361, ""learning_rate"": 0.0021493450476534046, ""num_layers"": 1, ""num_units"": 704, ""window_size"": 20}",COMPLETE
22,1.2716458481597512,2026-09-22 13:40:48.046511,2026-09-22 13:40:54.314983,0 days 00:00:06.268472,256,0.49477924358210723,0.005031015351256645,1,192,19,"{""batch_size"": 256, ""dropout_rate"": 0.49477924358210723, ""learning_rate"": 0.005031015351256645, ""num_layers"": 1, ""num_units"": 192, ""window_size"": 19}",COMPLETE
23,1.2561191141196706,2026-09-22 13:40:54.972531,2026-09-22 13:41:01.742806,0 days 00:00:06.770275,256,0.4555701086331225,0.0026903072518623516,1,352,14,"{""batch_size"": 256, ""dropout_rate"": 0.4555701086331225, ""learning_rate"": 0.0026903072518623516, ""num_layers"": 1, ""num_units"": 352, ""window_size"": 14}",COMPLETE
24,1.1053493880822456,2026-09-22 13:41:02.412130,2026-09-22 13:41:20.666343,0 days 00:00:18.254213,256,0.6149276367692994,0.005962104958111913,1,416,17,"{""batch_size"": 256, ""dropout_rate"": 0.6149276367692994, ""learning_rate"": 0.005962104958111913, ""num_layers"": 1, ""num_units"": 416, ""window_size"": 17}",COMPLETE
25,1.138211977095975,2026-09-22 13:41:21.333237,2026-09-22 13:41:39.829468,0 days 00:00:18.496231,16,0.6450477310752818,0.0035917194353247174,1,320,19,"{""batch_size"": 16, ""dropout_rate"": 0.6450477310752818, ""learning_rate"": 0.0035917194353247174, ""num_layers"": 1, ""num_units"": 320, ""window_size"": 19}",COMPLETE
26,1.2513343993955002,2026-09-22 13:41:40.499180,2026-09-22 13:41:56.454571,0 days 00:00:15.955391,256,0.5985023543224326,0.0031651320086199543,2,416,15,"{""batch_size"": 256, ""dropout_rate"": 0.5985023543224326, ""learning_rate"": 0.0031651320086199543, ""num_layers"": 2, ""num_units"": 416, ""window_size"": 15}",COMPLETE
27,1.1823401541898044,2026-09-22 13:41:57.173987,2026-09-22 13:42:05.515656,0 days 00:00:08.341669,256,0.6966778501423738,0.0030898749073923824,1,480,7,"{""batch_size"": 256, ""dropout_rate"": 0.6966778501423738, ""learning_rate"": 0.0030898749073923824, ""num_layers"": 1, ""num_units"": 480, ""window_size"": 7}",COMPLETE
28,1.2164217836885651,2026-09-22 13:42:06.213933,2026-09-22 13:42:18.566018,0 days 00:00:12.352085,256,0.6097501080471471,0.003257206103068614,2,224,10,"{""batch_size"": 256, ""dropout_rate"": 0.6097501080471471, ""learning_rate"": 0.003257206103068614, ""num_layers"": 2, ""num_units"": 224, ""window_size"": 10}",COMPLETE
29,1.1802816422047118,2026-09-22 13:42:19.263546,2026-09-22 13:42:31.460635,0 days 00:00:12.197089,32,0.59417673849065,0.006963120394461179,1,576,14,"{""batch_size"": 32, ""dropout_rate"": 0.59417673849065, ""learning_rate"": 0.006963120394461179, ""num_layers"": 1, ""num_units"": 576, ""window_size"": 14}",COMPLETE
30,1.3145384694552336,2026-09-22 13:42:32.171487,2026-09-22 13:42:43.217362,0 days 00:00:11.045875,256,0.6042800699884421,0.0004165760557531551,1,416,6,"{""batch_size"": 256, ""dropout_rate"": 0.6042800699884421, ""learning_rate"": 0.0004165760557531551, ""num_layers"": 1, ""num_units"": 416, ""window_size"": 6}",COMPLETE
31,1.2242135471462232,2026-09-22 13:42:43.983210,2026-09-22 13:42:59.277193,0 days 00:00:15.293983,256,0.5549125092691326,0.0006139646086868295,1,320,16,"{""batch_size"": 256, ""dropout_rate"": 0.5549125092691326, ""learning_rate"": 0.0006139646086868295, ""num_layers"": 1, ""num_units"": 320, ""window_size"": 16}",COMPLETE
32,1.2635172859650061,2026-09-22 13:43:00.014967,2026-09-22 13:43:07.667618,0 days 00:00:07.652651,256,0.4599055489372204,0.006680243099997008,1,608,15,"{""batch_size"": 256, ""dropout_rate"": 0.4599055489372204, ""learning_rate"": 0.006680243099997008, ""num_layers"": 1, ""num_units"": 608, ""window_size"": 15}",COMPLETE
33,1.254185579153681,2026-09-22 13:43:08.431892,2026-09-22 13:43:15.477138,0 days 00:00:07.045246,256,0.567323724933922,0.008429558110326368,1,512,18,"{""batch_size"": 256, ""dropout_rate"": 0.567323724933922, ""learning_rate"": 0.008429558110326368, ""num_layers"": 1, ""num_units"": 512, ""window_size"": 18}",COMPLETE
34,1.1514670866928516,2026-09-22 13:43:16.226731,2026-09-22 13:43:27.151220,0 days 00:00:10.924489,256,0.6429951655252788,0.0010528759589269183,1,352,12,"{""batch_size"": 256, ""dropout_rate"": 0.6429951655252788, ""learning_rate"": 0.0010528759589269183, ""num_layers"": 1, ""num_units"": 352, ""window_size"": 12}",COMPLETE
35,1.138670428813928,2026-09-22 13:43:27.898036,2026-09-22 13:43:37.324518,0 days 00:00:09.426482,256,0.6369045181334871,0.0012249446948344011,1,288,2,"{""batch_size"": 256, ""dropout_rate"": 0.6369045181334871, ""learning_rate"": 0.0012249446948344011, ""num_layers"": 1, ""num_units"": 288, ""window_size"": 2}",COMPLETE
36,1.1335100370441622,2026-09-22 13:43:38.068715,2026-09-22 13:43:48.067264,0 days 00:00:09.998549,256,0.6985613204834145,0.009781350184632503,1,128,11,"{""batch_size"": 256, ""dropout_rate"": 0.6985613204834145, ""learning_rate"": 0.009781350184632503, ""num_layers"": 1, ""num_units"": 128, ""window_size"": 11}",COMPLETE
37,1.171733398266576,2026-09-22 13:43:48.861639,2026-09-22 13:43:57.160540,0 days 00:00:08.298901,256,0.645876215403257,0.00812356420096556,1,320,9,"{""batch_size"": 256, ""dropout_rate"": 0.645876215403257, ""learning_rate"": 0.00812356420096556, ""num_layers"": 1, ""num_units"": 320, ""window_size"": 9}",COMPLETE
38,1.225254781837464,2026-09-22 13:43:57.949631,2026-09-22 13:44:22.768279,0 days 00:00:24.818648,16,0.6623409395147837,0.0011080554031160379,2,128,10,"{""batch_size"": 16, ""dropout_rate"": 0.6623409395147837, ""learning_rate"": 0.0011080554031160379, ""num_layers"": 2, ""num_units"": 128, ""window_size"": 10}",COMPLETE
39,1.2627179074351318,2026-09-22 13:44:23.611308,2026-09-22 13:44:32.426415,0 days 00:00:08.815107,256,0.5670364295940019,0.007960301728361027,2,128,11,"{""batch_size"": 256, ""dropout_rate"": 0.5670364295940019, ""learning_rate"": 0.007960301728361027, ""num_layers"": 2, ""num_units"": 128, ""window_size"": 11}",COMPLETE
40,1.1331585699579687,2026-09-22 13:44:33.250944,2026-09-22 13:44:45.866615,0 days 00:00:12.615671,256,0.6914664949263162,0.00925935829028252,1,224,21,"{""batch_size"": 256, ""dropout_rate"": 0.6914664949263162, ""learning_rate"": 0.00925935829028252, ""num_layers"": 1, ""num_units"": 224, ""window_size"": 21}",COMPLETE
41,1.2704291224260778,2026-09-22 13:44:46.695495,2026-09-22 13:44:59.079363,0 days 00:00:12.383868,256,0.6313117818254208,0.0068961137934597004,2,288,18,"{""batch_size"": 256, ""dropout_rate"": 0.6313117818254208, ""learning_rate"": 0.0068961137934597004, ""num_layers"": 2, ""num_units"": 288, ""window_size"": 18}",COMPLETE
42,1.1742703754463069,2026-09-22 13:44:59.913011,2026-09-22 13:45:08.330333,0 days 00:00:08.417322,256,0.6800956949054249,0.003685178733949925,1,352,4,"{""batch_size"": 256, ""dropout_rate"": 0.6800956949054249, ""learning_rate"": 0.003685178733949925, ""num_layers"": 1, ""num_units"": 352, ""window_size"": 4}",COMPLETE
43,1.2160998999078896,2026-09-22 13:45:09.170853,2026-09-22 13:45:17.768448,0 days 00:00:08.597595,256,0.6529463149449225,0.003778107913576591,1,32,19,"{""batch_size"": 256, ""dropout_rate"": 0.6529463149449225, ""learning_rate"": 0.003778107913576591, ""num_layers"": 1, ""num_units"": 32, ""window_size"": 19}",COMPLETE
44,1.2012044868429024,2026-09-22 13:45:18.614057,2026-09-22 13:45:26.762177,0 days 00:00:08.148120,256,0.6637354266844244,0.00971994580762929,1,96,14,"{""batch_size"": 256, ""dropout_rate"": 0.6637354266844244, ""learning_rate"": 0.00971994580762929, ""num_layers"": 1, ""num_units"": 96, ""window_size"": 14}",COMPLETE
45,1.1803285032730855,2026-09-22 13:45:27.624854,2026-09-22 13:45:39.209970,0 days 00:00:11.585116,256,0.6571254740320093,0.004215548744689614,1,320,24,"{""batch_size"": 256, ""dropout_rate"": 0.6571254740320093, ""learning_rate"": 0.004215548744689614, ""num_layers"": 1, ""num_units"": 320, ""window_size"": 24}",COMPLETE
46,1.1592455161042483,2026-09-22 13:45:40.073433,2026-09-22 13:45:50.186049,0 days 00:00:10.112616,256,0.6438357893985035,0.0017121771954438745,1,96,6,"{""batch_size"": 256, ""dropout_rate"": 0.6438357893985035, ""learning_rate"": 0.0017121771954438745, ""num_layers"": 1, ""num_units"": 96, ""window_size"": 6}",COMPLETE
47,1.2609892641877716,2026-09-22 13:45:51.069162,2026-09-22 13:46:01.604761,0 days 00:00:10.535599,256,0.680078630185121,0.0049800320394555375,2,32,6,"{""batch_size"": 256, ""dropout_rate"": 0.680078630185121, ""learning_rate"": 0.0049800320394555375, ""num_layers"": 2, ""num_units"": 32, ""window_size"": 6}",COMPLETE
48,1.1350751823144647,2026-09-22 13:46:02.482647,2026-09-22 13:46:15.674776,0 days 00:00:13.192129,256,0.6695507187099208,0.004929254971175216,1,160,16,"{""batch_size"": 256, ""dropout_rate"": 0.6695507187099208, ""learning_rate"": 0.004929254971175216, ""num_layers"": 1, ""num_units"": 160, ""window_size"": 16}",COMPLETE
49,1.1426594239422836,2026-09-22 13:46:16.576621,2026-09-22 13:46:30.147161,0 days 00:00:13.570540,256,0.6056714831473498,0.007761101754301839,1,96,25,"{""batch_size"": 256, ""dropout_rate"": 0.6056714831473498, ""learning_rate"": 0.007761101754301839, ""num_layers"": 1, ""num_units"": 96, ""window_size"": 25}",COMPLETE
50,1.2232854744045705,2026-09-22 13:46:31.047367,2026-09-22 13:46:43.613428,0 days 00:00:12.566061,256,0.6840941150548043,0.004201262315752815,1,512,21,"{""batch_size"": 256, ""dropout_rate"": 0.6840941150548043, ""learning_rate"": 0.004201262315752815, ""num_layers"": 1, ""num_units"": 512, ""window_size"": 21}",COMPLETE
51,1.1268098250491443,2026-09-22 13:46:44.511260,2026-09-22 13:46:57.727434,0 days 00:00:13.216174,256,0.6668837291137873,0.0018905893138077838,1,256,16,"{""batch_size"": 256, ""dropout_rate"": 0.6668837291137873, ""learning_rate"": 0.0018905893138077838, ""num_layers"": 1, ""num_units"": 256, ""window_size"": 16}",COMPLETE
52,1.1707319248437407,2026-09-22 13:46:58.637577,2026-09-22 13:47:10.914716,0 days 00:00:12.277139,256,0.6890497215898739,0.00925824669272681,1,224,22,"{""batch_size"": 256, ""dropout_rate"": 0.6890497215898739, ""learning_rate"": 0.00925824669272681, ""num_layers"": 1, ""num_units"": 224, ""window_size"": 22}",COMPLETE
53,1.1026291449776597,2026-09-22 13:47:11.841005,2026-09-22 13:47:24.713891,0 days 00:00:12.872886,256,0.6807860142920154,0.0027498575230116193,1,224,9,"{""batch_size"": 256, ""dropout_rate"": 0.6807860142920154, ""learning_rate"": 0.0027498575230116193, ""num_layers"": 1, ""num_units"": 224, ""window_size"": 9}",COMPLETE
54,1.0807365503008641,2026-09-22 13:47:25.642242,2026-09-22 13:47:35.367835,0 days 00:00:09.725593,256,0.6478748638313099,0.0050194653798846765,1,192,2,"{""batch_size"": 256, ""dropout_rate"": 0.6478748638313099, ""learning_rate"": 0.0050194653798846765, ""num_layers"": 1, ""num_units"": 192, ""window_size"": 2}",COMPLETE
55,1.1533656824873288,2026-09-22 13:47:36.293818,2026-09-22 13:47:44.834871,0 days 00:00:08.541053,256,0.5838494211523229,0.003636325635086055,1,160,3,"{""batch_size"": 256, ""dropout_rate"": 0.5838494211523229, ""learning_rate"": 0.003636325635086055, ""num_layers"": 1, ""num_units"": 160, ""window_size"": 3}",COMPLETE
56,1.2238758165358046,2026-09-22 13:47:45.802223,2026-09-22 13:47:55.416455,0 days 00:00:09.614232,256,0.6073573324706562,0.0013625509674695146,1,96,11,"{""batch_size"": 256, ""dropout_rate"": 0.6073573324706562, ""learning_rate"": 0.0013625509674695146, ""num_layers"": 1, ""num_units"": 96, ""window_size"": 11}",COMPLETE
57,1.1440699409576638,2026-09-22 13:47:56.387194,2026-09-22 13:48:09.231390,0 days 00:00:12.844196,256,0.6821027199189189,0.0015151520651849,1,160,14,"{""batch_size"": 256, ""dropout_rate"": 0.6821027199189189, ""learning_rate"": 0.0015151520651849, ""num_layers"": 1, ""num_units"": 160, ""window_size"": 14}",COMPLETE
58,1.1211399307523904,2026-09-22 13:48:10.222651,2026-09-22 13:48:18.960418,0 days 00:00:08.737767,256,0.649726964378936,0.007555867959097333,1,128,2,"{""batch_size"": 256, ""dropout_rate"": 0.649726964378936, ""learning_rate"": 0.007555867959097333, ""num_layers"": 1, ""num_units"": 128, ""window_size"": 2}",COMPLETE
59,1.1805761502098475,2026-09-22 13:48:19.919632,2026-09-22 13:48:26.779528,0 days 00:00:06.859896,256,0.5702897379589196,0.007001580200830541,1,288,3,"{""batch_size"": 256, ""dropout_rate"": 0.5702897379589196, ""learning_rate"": 0.007001580200830541, ""num_layers"": 1, ""num_units"": 288, ""window_size"": 3}",COMPLETE
60,1.1264833876111107,2026-09-22 13:48:27.739564,2026-09-22 13:48:36.688418,0 days 00:00:08.948854,128,0.6991865988221295,0.0030333076704349383,1,64,2,"{""batch_size"": 128, ""dropout_rate"": 0.6991865988221295, ""learning_rate"": 0.0030333076704349383, ""num_layers"": 1, ""num_units"": 64, ""window_size"": 2}",COMPLETE
61,1.1160585780489247,2026-09-22 13:48:37.651164,2026-09-22 13:48:47.840635,0 days 00:00:10.189471,256,0.6810610276366083,0.006262507417246672,1,128,5,"{""batch_size"": 256, ""dropout_rate"": 0.6810610276366083, ""learning_rate"": 0.006262507417246672, ""num_layers"": 1, ""num_units"": 128, ""window_size"": 5}",COMPLETE
62,1.1361545539803901,2026-09-22 13:48:48.850104,2026-09-22 13:48:58.461546,0 days 00:00:09.611442,256,0.6320170191160467,0.009559889605610637,1,192,3,"{""batch_size"": 256, ""dropout_rate"": 0.6320170191160467, ""learning_rate"": 0.009559889605610637, ""num_layers"": 1, ""num_units"": 192, ""window_size"": 3}",COMPLETE
63,1.2238290046232823,2026-09-22 13:48:59.446987,2026-09-22 13:49:05.003226,0 days 00:00:05.556239,256,0.5975948267103413,0.006390554536611976,1,160,6,"{""batch_size"": 256, ""dropout_rate"": 0.5975948267103413, ""learning_rate"": 0.006390554536611976, ""num_layers"": 1, ""num_units"": 160, ""window_size"": 6}",COMPLETE
64,1.1200405825887958,2026-09-22 13:49:05.993059,2026-09-22 13:49:17.465631,0 days 00:00:11.472572,256,0.6263403071455607,0.007906191165399708,2,64,1,"{""batch_size"": 256, ""dropout_rate"": 0.6263403071455607, ""learning_rate"": 0.007906191165399708, ""num_layers"": 2, ""num_units"": 64, ""window_size"": 1}",COMPLETE
65,1.1883173757251053,2026-09-22 13:49:18.470771,2026-09-22 13:49:30.787301,0 days 00:00:12.316530,256,0.6030436446881757,0.004019734214254022,2,160,3,"{""batch_size"": 256, ""dropout_rate"": 0.6030436446881757, ""learning_rate"": 0.004019734214254022, ""num_layers"": 2, ""num_units"": 160, ""window_size"": 3}",COMPLETE
66,1.1338558545545225,2026-09-22 13:49:31.817022,2026-09-22 13:49:43.039990,0 days 00:00:11.222968,256,0.6393135776946219,0.008838666298085926,2,96,1,"{""batch_size"": 256, ""dropout_rate"": 0.6393135776946219, ""learning_rate"": 0.008838666298085926, ""num_layers"": 2, ""num_units"": 96, ""window_size"": 1}",COMPLETE
67,1.095514307480808,2026-09-22 13:49:44.058164,2026-09-22 13:49:52.280744,0 days 00:00:08.222580,256,0.6029521155047772,0.005813518693279125,1,128,1,"{""batch_size"": 256, ""dropout_rate"": 0.6029521155047772, ""learning_rate"": 0.005813518693279125, ""num_layers"": 1, ""num_units"": 128, ""window_size"": 1}",COMPLETE
68,1.1684509581381184,2026-09-22 13:49:53.300909,2026-09-22 13:50:01.849428,0 days 00:00:08.548519,256,0.6650901340672645,0.004155524055036773,1,128,5,"{""batch_size"": 256, ""dropout_rate"": 0.6650901340672645, ""learning_rate"": 0.004155524055036773, ""num_layers"": 1, ""num_units"": 128, ""window_size"": 5}",COMPLETE
69,1.1752927736888097,2026-09-22 13:50:02.907513,2026-09-22 13:50:10.322453,0 days 00:00:07.414940,256,0.6948879874460616,0.008492638569666172,1,224,6,"{""batch_size"": 256, ""dropout_rate"": 0.6948879874460616, ""learning_rate"": 0.008492638569666172, ""num_layers"": 1, ""num_units"": 224, ""window_size"": 6}",COMPLETE
70,1.1693038003332175,2026-09-22 13:50:11.364087,2026-09-22 13:50:21.086440,0 days 00:00:09.722353,256,0.648347304051917,0.0011939838043824077,1,128,2,"{""batch_size"": 256, ""dropout_rate"": 0.648347304051917, ""learning_rate"": 0.0011939838043824077, ""num_layers"": 1, ""num_units"": 128, ""window_size"": 2}",COMPLETE
71,1.1756891286291853,2026-09-22 13:50:22.136096,2026-09-22 13:50:31.755340,0 days 00:00:09.619244,256,0.6105414798729263,0.004970307276573334,1,64,3,"{""batch_size"": 256, ""dropout_rate"": 0.6105414798729263, ""learning_rate"": 0.004970307276573334, ""num_layers"": 1, ""num_units"": 64, ""window_size"": 3}",COMPLETE
72,1.0698814150689657,2026-09-22 13:50:32.810926,2026-09-22 13:50:42.237951,0 days 00:00:09.427025,256,0.6165370639485659,0.0028565974756583406,1,224,1,"{""batch_size"": 256, ""dropout_rate"": 0.6165370639485659, ""learning_rate"": 0.0028565974756583406, ""num_layers"": 1, ""num_units"": 224, ""window_size"": 1}",COMPLETE
73,1.2293329502715753,2026-09-22 13:50:43.334544,2026-09-22 13:50:51.257424,0 days 00:00:07.922880,256,0.5194089122187211,0.002744509894979122,1,64,4,"{""batch_size"": 256, ""dropout_rate"": 0.5194089122187211, ""learning_rate"": 0.002744509894979122, ""num_layers"": 1, ""num_units"": 64, ""window_size"": 4}",COMPLETE
74,1.0670624051729616,2026-09-22 13:50:52.336382,2026-09-22 13:51:02.417629,0 days 00:00:10.081247,256,0.6267265795328256,0.0021378843236102402,1,288,1,"{""batch_size"": 256, ""dropout_rate"": 0.6267265795328256, ""learning_rate"": 0.0021378843236102402, ""num_layers"": 1, ""num_units"": 288, ""window_size"": 1}",COMPLETE
75,1.0649490883513415,2026-09-22 13:51:03.494171,2026-09-22 13:51:14.127770,0 days 00:00:10.633599,256,0.6308223035191981,0.005370656905096609,1,256,1,"{""batch_size"": 256, ""dropout_rate"": 0.6308223035191981, ""learning_rate"": 0.005370656905096609, ""num_layers"": 1, ""num_units"": 256, ""window_size"": 1}",COMPLETE
76,1.1349601084283374,2026-09-22 13:51:15.227697,2026-09-22 13:51:22.923944,0 days 00:00:07.696247,256,0.5927174356308812,0.0025131813044745417,1,256,2,"{""batch_size"": 256, ""dropout_rate"": 0.5927174356308812, ""learning_rate"": 0.0025131813044745417, ""num_layers"": 1, ""num_units"": 256, ""window_size"": 2}",COMPLETE
77,1.2051114567235632,2026-09-22 13:51:24.021590,2026-09-22 13:51:31.196072,0 days 00:00:07.174482,256,0.6288198745821264,0.004812920683112943,1,256,4,"{""batch_size"": 256, ""dropout_rate"": 0.6288198745821264, ""learning_rate"": 0.004812920683112943, ""num_layers"": 1, ""num_units"": 256, ""window_size"": 4}",COMPLETE
78,1.2855851472707385,2026-09-22 13:51:32.316869,2026-09-22 13:51:39.331242,0 days 00:00:07.014373,256,0.6596664378234506,0.00234457037128755,1,192,4,"{""batch_size"": 256, ""dropout_rate"": 0.6596664378234506, ""learning_rate"": 0.00234457037128755, ""num_layers"": 1, ""num_units"": 192, ""window_size"": 4}",COMPLETE
79,1.1878121399698593,2026-09-22 13:51:40.439278,2026-09-22 13:51:46.137425,0 days 00:00:05.698147,256,0.5572836995341137,0.005401669850469301,1,224,1,"{""batch_size"": 256, ""dropout_rate"": 0.5572836995341137, ""learning_rate"": 0.005401669850469301, ""num_layers"": 1, ""num_units"": 224, ""window_size"": 1}",COMPLETE
80,1.1806656999378158,2026-09-22 13:51:47.257461,2026-09-22 13:51:54.151043,0 days 00:00:06.893582,256,0.606632665268492,0.0023574754517762153,1,352,1,"{""batch_size"": 256, ""dropout_rate"": 0.606632665268492, ""learning_rate"": 0.0023574754517762153, ""num_layers"": 1, ""num_units"": 352, ""window_size"": 1}",COMPLETE
81,1.1631371850420171,2026-09-22 13:51:55.269943,2026-09-22 13:52:03.520699,0 days 00:00:08.250756,256,0.5875325946151355,0.0023993058438040093,1,224,5,"{""batch_size"": 256, ""dropout_rate"": 0.5875325946151355, ""learning_rate"": 0.0023993058438040093, ""num_layers"": 1, ""num_units"": 224, ""window_size"": 5}",COMPLETE
82,1.1253941600152313,2026-09-22 13:52:04.646367,2026-09-22 13:52:14.238199,0 days 00:00:09.591832,256,0.5915795791637546,0.0019274237557159579,1,32,2,"{""batch_size"": 256, ""dropout_rate"": 0.5915795791637546, ""learning_rate"": 0.0019274237557159579, ""num_layers"": 1, ""num_units"": 32, ""window_size"": 2}",COMPLETE
83,1.1446325889648195,2026-09-22 13:52:15.365709,2026-09-22 13:52:24.636636,0 days 00:00:09.270927,256,0.5623062923028103,0.007496335035772327,1,128,3,"{""batch_size"": 256, ""dropout_rate"": 0.5623062923028103, ""learning_rate"": 0.007496335035772327, ""num_layers"": 1, ""num_units"": 128, ""window_size"": 3}",COMPLETE
84,1.1555395620977023,2026-09-22 13:52:25.770795,2026-09-22 13:52:36.525237,0 days 00:00:10.754442,256,0.5814426664553434,0.001189564203619027,1,224,3,"{""batch_size"": 256, ""dropout_rate"": 0.5814426664553434, ""learning_rate"": 0.001189564203619027, ""num_layers"": 1, ""num_units"": 224, ""window_size"": 3}",COMPLETE
85,1.074468435298863,2026-09-22 13:52:37.681338,2026-09-22 13:52:47.184089,0 days 00:00:09.502751,256,0.6331712764949808,0.00285689352969501,1,160,1,"{""batch_size"": 256, ""dropout_rate"": 0.6331712764949808, ""learning_rate"": 0.00285689352969501, ""num_layers"": 1, ""num_units"": 160, ""window_size"": 1}",COMPLETE
86,1.1486035338411513,2026-09-22 13:52:48.364521,2026-09-22 13:52:57.139998,0 days 00:00:08.775477,256,0.6718114013291757,0.003952310984343775,1,224,3,"{""batch_size"": 256, ""dropout_rate"": 0.6718114013291757, ""learning_rate"": 0.003952310984343775, ""num_layers"": 1, ""num_units"": 224, ""window_size"": 3}",COMPLETE
87,1.0588713566202608,2026-09-22 13:52:58.316985,2026-09-22 13:53:11.174753,0 days 00:00:12.857768,256,0.5915244394752478,0.002455266054189795,2,256,1,"{""batch_size"": 256, ""dropout_rate"": 0.5915244394752478, ""learning_rate"": 0.002455266054189795, ""num_layers"": 2, ""num_units"": 256, ""window_size"": 1}",COMPLETE
88,1.1734928530688753,2026-09-22 13:53:12.365328,2026-09-22 13:53:23.366368,0 days 00:00:11.001040,256,0.5187523001894297,0.0060877164765080205,2,352,2,"{""batch_size"": 256, ""dropout_rate"": 0.5187523001894297, ""learning_rate"": 0.0060877164765080205, ""num_layers"": 2, ""num_units"": 352, ""window_size"": 2}",COMPLETE
89,1.1548573439125438,2026-09-22 13:53:24.570025,2026-09-22 13:53:34.350856,0 days 00:00:09.780831,256,0.6041565580292154,0.003804506884671392,1,288,6,"{""batch_size"": 256, ""dropout_rate"": 0.6041565580292154, ""learning_rate"": 0.003804506884671392, ""num_layers"": 1, ""num_units"": 288, ""window_size"": 6}",COMPLETE
90,1.1440537963971928,2026-09-22 13:53:35.556285,2026-09-22 13:53:44.091211,0 days 00:00:08.534926,256,0.554287250254757,0.006845429341916592,1,32,2,"{""batch_size"": 256, ""dropout_rate"": 0.554287250254757, ""learning_rate"": 0.006845429341916592, ""num_layers"": 1, ""num_units"": 32, ""window_size"": 2}",COMPLETE
91,1.119932058742717,2026-09-22 13:53:45.299674,2026-09-22 13:53:53.438606,0 days 00:00:08.138932,256,0.6366555925527727,0.0021027335198903815,1,128,1,"{""batch_size"": 256, ""dropout_rate"": 0.6366555925527727, ""learning_rate"": 0.0021027335198903815, ""num_layers"": 1, ""num_units"": 128, ""window_size"": 1}",COMPLETE
92,1.136619326673641,2026-09-22 13:53:54.652642,2026-09-22 13:54:02.066817,0 days 00:00:07.414175,256,0.6132681761459416,0.005323706239473323,1,160,1,"{""batch_size"": 256, ""dropout_rate"": 0.6132681761459416, ""learning_rate"": 0.005323706239473323, ""num_layers"": 1, ""num_units"": 160, ""window_size"": 1}",COMPLETE
93,1.1900014790324716,2026-09-22 13:54:03.312395,2026-09-22 13:54:14.243340,0 days 00:00:10.930945,256,0.6889204296270212,0.0032429600490258338,2,160,3,"{""batch_size"": 256, ""dropout_rate"": 0.6889204296270212, ""learning_rate"": 0.0032429600490258338, ""num_layers"": 2, ""num_units"": 160, ""window_size"": 3}",COMPLETE
94,1.0874115067968193,2026-09-22 13:54:15.530093,2026-09-22 13:54:25.277382,0 days 00:00:09.747289,256,0.5333137932860399,0.0020662421411826166,1,192,1,"{""batch_size"": 256, ""dropout_rate"": 0.5333137932860399, ""learning_rate"": 0.0020662421411826166, ""num_layers"": 1, ""num_units"": 192, ""window_size"": 1}",COMPLETE
95,1.1776938928413287,2026-09-22 13:54:26.541754,2026-09-22 13:54:35.215261,0 days 00:00:08.673507,256,0.5683422262630041,0.0022768778366907987,1,160,4,"{""batch_size"": 256, ""dropout_rate"": 0.5683422262630041, ""learning_rate"": 0.0022768778366907987, ""num_layers"": 1, ""num_units"": 160, ""window_size"": 4}",COMPLETE
96,1.1659677172652514,2026-09-22 13:54:36.451194,2026-09-22 13:54:44.180128,0 days 00:00:07.728934,256,0.5182323476058548,0.0024467809555036844,1,192,2,"{""batch_size"": 256, ""dropout_rate"": 0.5182323476058548, ""learning_rate"": 0.0024467809555036844, ""num_layers"": 1, ""num_units"": 192, ""window_size"": 2}",COMPLETE
97,1.2406758730380092,2026-09-22 13:54:45.418887,2026-09-22 13:54:53.654794,0 days 00:00:08.235907,256,0.5510338802081554,0.0011217625149734258,1,128,1,"{""batch_size"": 256, ""dropout_rate"": 0.5510338802081554, ""learning_rate"": 0.0011217625149734258, ""num_layers"": 1, ""num_units"": 128, ""window_size"": 1}",COMPLETE
98,1.076105064744365,2026-09-22 13:54:54.920299,2026-09-22 13:55:04.177019,0 days 00:00:09.256720,256,0.6556280740241193,0.0028426209132543867,1,288,1,"{""batch_size"": 256, ""dropout_rate"": 0.6556280740241193, ""learning_rate"": 0.0028426209132543867, ""num_layers"": 1, ""num_units"": 288, ""window_size"": 1}",COMPLETE
99,1.0936820354222403,2026-09-22 13:55:05.486643,2026-09-22 13:55:17.930004,0 days 00:00:12.443361,256,0.6000430241894612,0.002316228306171415,2,256,1,"{""batch_size"": 256, ""dropout_rate"": 0.6000430241894612, ""learning_rate"": 0.002316228306171415, ""num_layers"": 2, ""num_units"": 256, ""window_size"": 1}",COMPLETE
100,1.0593951218119442,2026-09-22 14:09:56.583464,2026-09-22 14:10:07.954847,0 days 00:00:11.371383,256,0.6587862655609404,0.0039874878622636655,1,352,1,"{""batch_size"": 256, ""dropout_rate"": 0.6587862655609404, ""learning_rate"": 0.0039874878622636655, ""num_layers"": 1, ""num_units"": 352, ""window_size"": 1}",COMPLETE
101,1.107237588170134,2026-09-22 14:10:09.461872,2026-09-22 14:10:21.886161,0 days 00:00:12.424289,256,0.5863680969186719,0.0045741549564930995,1,64,1,"{""batch_size"": 256, ""dropout_rate"": 0.5863680969186719, ""learning_rate"": 0.0045741549564930995, ""num_layers"": 1, ""num_units"": 64, ""window_size"": 1}",COMPLETE
102,1.096863599814988,2026-09-22 14:10:23.370647,2026-09-22 14:10:33.856053,0 days 00:00:10.485406,256,0.6150668541062622,0.002652054965464392,1,192,1,"{""batch_size"": 256, ""dropout_rate"": 0.6150668541062622, ""learning_rate"": 0.002652054965464392, ""num_layers"": 1, ""num_units"": 192, ""window_size"": 1}",COMPLETE
103,1.0758235869937203,2026-09-22 14:10:35.349326,2026-09-22 14:10:46.139605,0 days 00:00:10.790279,256,0.6318579701010206,0.004821831543712202,1,256,1,"{""batch_size"": 256, ""dropout_rate"": 0.6318579701010206, ""learning_rate"": 0.004821831543712202, ""num_layers"": 1, ""num_units"": 256, ""window_size"": 1}",COMPLETE
104,1.1495705513398045,2026-09-22 14:10:47.669853,2026-09-22 14:11:01.617129,0 days 00:00:13.947276,256,0.6432327262937558,0.0035663614052516414,2,288,2,"{""batch_size"": 256, ""dropout_rate"": 0.6432327262937558, ""learning_rate"": 0.0035663614052516414, ""num_layers"": 2, ""num_units"": 288, ""window_size"": 2}",COMPLETE
105,1.1881357257188585,2026-09-22 14:11:03.173360,2026-09-22 14:11:14.185162,0 days 00:00:11.011802,256,0.6090145087232506,0.00250425305071161,2,320,2,"{""batch_size"": 256, ""dropout_rate"": 0.6090145087232506, ""learning_rate"": 0.00250425305071161, ""num_layers"": 2, ""num_units"": 320, ""window_size"": 2}",COMPLETE
106,1.113995340898818,2026-09-22 14:11:15.754357,2026-09-22 14:11:26.622938,0 days 00:00:10.868581,256,0.6928433289797732,0.0059854522009815244,1,352,2,"{""batch_size"": 256, ""dropout_rate"": 0.6928433289797732, ""learning_rate"": 0.0059854522009815244, ""num_layers"": 1, ""num_units"": 352, ""window_size"": 2}",COMPLETE
107,1.0801530577049518,2026-09-22 14:11:28.218046,2026-09-22 14:11:39.434675,0 days 00:00:11.216629,256,0.6345831781561119,0.007492045801384086,1,288,1,"{""batch_size"": 256, ""dropout_rate"": 0.6345831781561119, ""learning_rate"": 0.007492045801384086, ""num_layers"": 1, ""num_units"": 288, ""window_size"": 1}",COMPLETE
108,1.0701884588758546,2026-09-22 14:11:40.994042,2026-09-22 14:11:54.176662,0 days 00:00:13.182620,256,0.6039458418153685,0.004745163248818451,1,256,1,"{""batch_size"": 256, ""dropout_rate"": 0.6039458418153685, ""learning_rate"": 0.004745163248818451, ""num_layers"": 1, ""num_units"": 256, ""window_size"": 1}",COMPLETE
109,1.2012389733859083,2026-09-22 14:11:55.728943,2026-09-22 14:12:05.777432,0 days 00:00:10.048489,256,0.6718580287172577,0.0024497928862078806,1,320,4,"{""batch_size"": 256, ""dropout_rate"": 0.6718580287172577, ""learning_rate"": 0.0024497928862078806, ""num_layers"": 1, ""num_units"": 320, ""window_size"": 4}",COMPLETE
110,1.1168014568044615,2026-09-22 14:12:07.361742,2026-09-22 14:12:15.961029,0 days 00:00:08.599287,256,0.62840237880788,0.007007245792702409,1,288,1,"{""batch_size"": 256, ""dropout_rate"": 0.62840237880788, ""learning_rate"": 0.007007245792702409, ""num_layers"": 1, ""num_units"": 288, ""window_size"": 1}",COMPLETE
111,1.087975211168877,2026-09-22 14:12:17.542153,2026-09-22 14:12:28.425758,0 days 00:00:10.883605,256,0.6554182283479542,0.0054470438809798806,1,224,1,"{""batch_size"": 256, ""dropout_rate"": 0.6554182283479542, ""learning_rate"": 0.0054470438809798806, ""num_layers"": 1, ""num_units"": 224, ""window_size"": 1}",COMPLETE
112,1.0683757684370367,2026-09-22 14:12:30.005473,2026-09-22 14:12:41.619216,0 days 00:00:11.613743,256,0.643762245787307,0.003425478642432106,1,320,1,"{""batch_size"": 256, ""dropout_rate"": 0.643762245787307, ""learning_rate"": 0.003425478642432106, ""num_layers"": 1, ""num_units"": 320, ""window_size"": 1}",COMPLETE
113,1.138217237276194,2026-09-22 14:12:43.221055,2026-09-22 14:12:55.207070,0 days 00:00:11.986015,256,0.6479470475584104,0.007833416622750436,1,352,3,"{""batch_size"": 256, ""dropout_rate"": 0.6479470475584104, ""learning_rate"": 0.007833416622750436, ""num_layers"": 1, ""num_units"": 352, ""window_size"": 3}",COMPLETE
114,1.128433830660686,2026-09-22 14:12:56.848358,2026-09-22 14:13:07.737560,0 days 00:00:10.889202,256,0.6498514683667169,0.00783005150829708,1,256,4,"{""batch_size"": 256, ""dropout_rate"": 0.6498514683667169, ""learning_rate"": 0.00783005150829708, ""num_layers"": 1, ""num_units"": 256, ""window_size"": 4}",COMPLETE
115,1.075282235773296,2026-09-22 14:13:09.335703,2026-09-22 14:13:19.595232,0 days 00:00:10.259529,256,0.6765702083325197,0.0029183306602722685,1,128,1,"{""batch_size"": 256, ""dropout_rate"": 0.6765702083325197, ""learning_rate"": 0.0029183306602722685, ""num_layers"": 1, ""num_units"": 128, ""window_size"": 1}",COMPLETE
116,1.070371879954379,2026-09-22 14:13:21.237342,2026-09-22 14:13:31.344566,0 days 00:00:10.107224,256,0.6987980711315329,0.002353918459837893,1,352,1,"{""batch_size"": 256, ""dropout_rate"": 0.6987980711315329, ""learning_rate"": 0.002353918459837893, ""num_layers"": 1, ""num_units"": 352, ""window_size"": 1}",COMPLETE
117,1.0743276926053427,2026-09-22 14:13:32.997426,2026-09-22 14:13:46.711382,0 days 00:00:13.713956,64,0.6318355161630824,0.0033312047219503345,1,288,1,"{""batch_size"": 64, ""dropout_rate"": 0.6318355161630824, ""learning_rate"": 0.0033312047219503345, ""num_layers"": 1, ""num_units"": 288, ""window_size"": 1}",COMPLETE
118,1.0922921114218043,2026-09-22 14:13:48.337862,2026-09-22 14:13:58.984761,0 days 00:00:10.646899,256,0.690168832555889,0.0017743734151571353,1,384,1,"{""batch_size"": 256, ""dropout_rate"": 0.690168832555889, ""learning_rate"": 0.0017743734151571353, ""num_layers"": 1, ""num_units"": 384, ""window_size"": 1}",COMPLETE
119,1.1521990514955285,2026-09-22 14:14:00.636294,2026-09-22 14:14:11.774378,0 days 00:00:11.138084,256,0.6161209129763136,0.004426270861537273,1,352,4,"{""batch_size"": 256, ""dropout_rate"": 0.6161209129763136, ""learning_rate"": 0.004426270861537273, ""num_layers"": 1, ""num_units"": 352, ""window_size"": 4}",COMPLETE
120,1.082209431464053,2026-09-22 14:14:13.418174,2026-09-22 14:14:23.984308,0 days 00:00:10.566134,256,0.6846314606200693,0.003585008984029653,1,384,1,"{""batch_size"": 256, ""dropout_rate"": 0.6846314606200693, ""learning_rate"": 0.003585008984029653, ""num_layers"": 1, ""num_units"": 384, ""window_size"": 1}",COMPLETE
121,1.0795280327653793,2026-09-22 14:14:25.616410,2026-09-22 14:14:37.131307,0 days 00:00:11.514897,256,0.6614970677106501,0.0025747706070703095,1,288,2,"{""batch_size"": 256, ""dropout_rate"": 0.6614970677106501, ""learning_rate"": 0.0025747706070703095, ""num_layers"": 1, ""num_units"": 288, ""window_size"": 2}",COMPLETE
122,1.0732943523434593,2026-09-22 14:14:38.766973,2026-09-22 14:14:49.156107,0 days 00:00:10.389134,256,0.5914509119503345,0.0038543447058780453,1,224,1,"{""batch_size"": 256, ""dropout_rate"": 0.5914509119503345, ""learning_rate"": 0.0038543447058780453, ""num_layers"": 1, ""num_units"": 224, ""window_size"": 1}",COMPLETE
123,1.2089955558281509,2026-09-22 14:14:50.818688,2026-09-22 14:14:57.641917,0 days 00:00:06.823229,256,0.6220818312751105,0.004420827438225406,1,352,1,"{""batch_size"": 256, ""dropout_rate"": 0.6220818312751105, ""learning_rate"": 0.004420827438225406, ""num_layers"": 1, ""num_units"": 352, ""window_size"": 1}",COMPLETE
124,1.1300376979853384,2026-09-22 14:14:59.277611,2026-09-22 14:15:09.759738,0 days 00:00:10.482127,256,0.5639586755177911,0.005241671755346299,1,160,3,"{""batch_size"": 256, ""dropout_rate"": 0.5639586755177911, ""learning_rate"": 0.005241671755346299, ""num_layers"": 1, ""num_units"": 160, ""window_size"": 3}",COMPLETE
125,1.0736799104914294,2026-09-22 14:15:11.403083,2026-09-22 14:15:22.170686,0 days 00:00:10.767603,256,0.6084627808131244,0.0033838222470129456,1,288,1,"{""batch_size"": 256, ""dropout_rate"": 0.6084627808131244, ""learning_rate"": 0.0033838222470129456, ""num_layers"": 1, ""num_units"": 288, ""window_size"": 1}",COMPLETE
126,1.1658388541600764,2026-09-22 14:15:23.843369,2026-09-22 14:15:35.978590,0 days 00:00:12.135221,256,0.5553207276346106,0.0025673491956149123,2,224,2,"{""batch_size"": 256, ""dropout_rate"": 0.5553207276346106, ""learning_rate"": 0.0025673491956149123, ""num_layers"": 2, ""num_units"": 224, ""window_size"": 2}",COMPLETE
127,1.0629983401446437,2026-09-22 14:15:37.690405,2026-09-22 14:15:49.372293,0 days 00:00:11.681888,256,0.6968942117706836,0.002520849975391199,1,128,1,"{""batch_size"": 256, ""dropout_rate"": 0.6968942117706836, ""learning_rate"": 0.002520849975391199, ""num_layers"": 1, ""num_units"": 128, ""window_size"": 1}",COMPLETE
128,1.134912804512902,2026-09-22 14:15:51.065351,2026-09-22 14:16:03.338427,0 days 00:00:12.273076,256,0.6437747997337493,0.004189866707227402,1,416,3,"{""batch_size"": 256, ""dropout_rate"": 0.6437747997337493, ""learning_rate"": 0.004189866707227402, ""num_layers"": 1, ""num_units"": 416, ""window_size"": 3}",COMPLETE
129,1.1437101672678542,2026-09-22 14:16:05.072846,2026-09-22 14:16:14.784872,0 days 00:00:09.712026,64,0.5986552668887992,0.0052449748947575765,1,256,2,"{""batch_size"": 64, ""dropout_rate"": 0.5986552668887992, ""learning_rate"": 0.0052449748947575765, ""num_layers"": 1, ""num_units"": 256, ""window_size"": 2}",COMPLETE
130,1.152571205001295,2026-09-22 14:16:16.493210,2026-09-22 14:16:25.912907,0 days 00:00:09.419697,256,0.5244596447141623,0.006187519681757441,1,192,2,"{""batch_size"": 256, ""dropout_rate"": 0.5244596447141623, ""learning_rate"": 0.006187519681757441, ""num_layers"": 1, ""num_units"": 192, ""window_size"": 2}",COMPLETE
131,1.1240837094372094,2026-09-22 14:16:27.630086,2026-09-22 14:16:39.648050,0 days 00:00:12.017964,256,0.6575604415799642,0.0026967054795598196,1,32,2,"{""batch_size"": 256, ""dropout_rate"": 0.6575604415799642, ""learning_rate"": 0.0026967054795598196, ""num_layers"": 1, ""num_units"": 32, ""window_size"": 2}",COMPLETE
132,1.1163496118511667,2026-09-22 14:16:41.398800,2026-09-22 14:16:53.097805,0 days 00:00:11.699005,256,0.5665424350569889,0.0039923223774680034,1,288,2,"{""batch_size"": 256, ""dropout_rate"": 0.5665424350569889, ""learning_rate"": 0.0039923223774680034, ""num_layers"": 1, ""num_units"": 288, ""window_size"": 2}",COMPLETE
133,1.077501687483939,2026-09-22 14:16:54.832290,2026-09-22 14:17:04.330712,0 days 00:00:09.498422,64,0.668911125100512,0.0053167480750867455,1,320,1,"{""batch_size"": 64, ""dropout_rate"": 0.668911125100512, ""learning_rate"": 0.0053167480750867455, ""num_layers"": 1, ""num_units"": 320, ""window_size"": 1}",COMPLETE
134,1.2047779044620432,2026-09-22 14:17:06.085586,2026-09-22 14:17:14.010959,0 days 00:00:07.925373,256,0.5959605063963652,0.00163043715460004,1,320,1,"{""batch_size"": 256, ""dropout_rate"": 0.5959605063963652, ""learning_rate"": 0.00163043715460004, ""num_layers"": 1, ""num_units"": 320, ""window_size"": 1}",COMPLETE
135,1.0730219559190783,2026-09-22 14:17:15.762357,2026-09-22 14:17:26.778362,0 days 00:00:11.016005,256,0.5685279235995203,0.008404636640890167,1,224,1,"{""batch_size"": 256, ""dropout_rate"": 0.5685279235995203, ""learning_rate"": 0.008404636640890167, ""num_layers"": 1, ""num_units"": 224, ""window_size"": 1}",COMPLETE
136,1.1801744682485897,2026-09-22 14:17:28.514519,2026-09-22 14:17:38.079575,0 days 00:00:09.565056,256,0.5910339389684487,0.002190840761443055,1,320,3,"{""batch_size"": 256, ""dropout_rate"": 0.5910339389684487, ""learning_rate"": 0.002190840761443055, ""num_layers"": 1, ""num_units"": 320, ""window_size"": 3}",COMPLETE
137,1.2032613716344216,2026-09-22 14:17:39.845461,2026-09-22 14:17:47.694211,0 days 00:00:07.848750,256,0.5790929455936223,0.004710353655572388,1,288,4,"{""batch_size"": 256, ""dropout_rate"": 0.5790929455936223, ""learning_rate"": 0.004710353655572388, ""num_layers"": 1, ""num_units"": 288, ""window_size"": 4}",COMPLETE
138,1.0840416357780458,2026-09-22 14:17:49.412965,2026-09-22 14:18:02.603047,0 days 00:00:13.190082,256,0.5753670521932219,0.004324326844322661,2,192,1,"{""batch_size"": 256, ""dropout_rate"": 0.5753670521932219, ""learning_rate"": 0.004324326844322661, ""num_layers"": 2, ""num_units"": 192, ""window_size"": 1}",COMPLETE
139,1.14528793619535,2026-09-22 14:18:04.371087,2026-09-22 14:18:15.794174,0 days 00:00:11.423087,256,0.6701572633865409,0.002339689396459798,1,416,4,"{""batch_size"": 256, ""dropout_rate"": 0.6701572633865409, ""learning_rate"": 0.002339689396459798, ""num_layers"": 1, ""num_units"": 416, ""window_size"": 4}",COMPLETE
140,1.1555293753105003,2026-09-22 14:18:17.534451,2026-09-22 14:18:28.115379,0 days 00:00:10.580928,256,0.629434632284667,0.003053030747828925,1,384,4,"{""batch_size"": 256, ""dropout_rate"": 0.629434632284667, ""learning_rate"": 0.003053030747828925, ""num_layers"": 1, ""num_units"": 384, ""window_size"": 4}",COMPLETE
141,1.0968463655249137,2026-09-22 14:18:29.879408,2026-09-22 14:18:41.317309,0 days 00:00:11.437901,256,0.5152393050642682,0.004189909473857939,1,224,2,"{""batch_size"": 256, ""dropout_rate"": 0.5152393050642682, ""learning_rate"": 0.004189909473857939, ""num_layers"": 1, ""num_units"": 224, ""window_size"": 2}",COMPLETE
142,1.1237755399754057,2026-09-22 14:18:43.110198,2026-09-22 14:18:54.519825,0 days 00:00:11.409627,64,0.6171652540048959,0.0034094701446641257,1,224,2,"{""batch_size"": 64, ""dropout_rate"": 0.6171652540048959, ""learning_rate"": 0.0034094701446641257, ""num_layers"": 1, ""num_units"": 224, ""window_size"": 2}",COMPLETE
143,1.1544237425660844,2026-09-22 14:18:56.313010,2026-09-22 14:19:07.329057,0 days 00:00:11.016047,256,0.6971754053177489,0.0020446248466151297,1,160,3,"{""batch_size"": 256, ""dropout_rate"": 0.6971754053177489, ""learning_rate"": 0.0020446248466151297, ""num_layers"": 1, ""num_units"": 160, ""window_size"": 3}",COMPLETE
144,1.1654309782616683,2026-09-22 14:19:09.128994,2026-09-22 14:19:18.417882,0 days 00:00:09.288888,256,0.6222238283678901,0.002963369419134364,1,160,3,"{""batch_size"": 256, ""dropout_rate"": 0.6222238283678901, ""learning_rate"": 0.002963369419134364, ""num_layers"": 1, ""num_units"": 160, ""window_size"": 3}",COMPLETE
145,1.1912400643857273,2026-09-22 14:19:20.224198,2026-09-22 14:19:29.542387,0 days 00:00:09.318189,256,0.5534588934349074,0.0019222062164702893,1,224,3,"{""batch_size"": 256, ""dropout_rate"": 0.5534588934349074, ""learning_rate"": 0.0019222062164702893, ""num_layers"": 1, ""num_units"": 224, ""window_size"": 3}",COMPLETE
146,1.135850314448134,2026-09-22 14:19:31.363396,2026-09-22 14:19:41.125177,0 days 00:00:09.761781,256,0.5962749362548401,0.0028460850874077273,1,96,1,"{""batch_size"": 256, ""dropout_rate"": 0.5962749362548401, ""learning_rate"": 0.0028460850874077273, ""num_layers"": 1, ""num_units"": 96, ""window_size"": 1}",COMPLETE
147,1.0706194145972148,2026-09-22 14:19:42.911996,2026-09-22 14:19:53.847361,0 days 00:00:10.935365,256,0.5452708474238789,0.0022329705283829085,1,288,1,"{""batch_size"": 256, ""dropout_rate"": 0.5452708474238789, ""learning_rate"": 0.0022329705283829085, ""num_layers"": 1, ""num_units"": 288, ""window_size"": 1}",COMPLETE
148,1.1163730823247675,2026-09-22 14:19:55.672461,2026-09-22 14:20:06.605746,0 days 00:00:10.933285,256,0.5994074425049648,0.008804738571184134,1,256,2,"{""batch_size"": 256, ""dropout_rate"": 0.5994074425049648, ""learning_rate"": 0.008804738571184134, ""num_layers"": 1, ""num_units"": 256, ""window_size"": 2}",COMPLETE
149,1.1249783057893448,2026-09-22 14:20:08.451160,2026-09-22 14:20:18.828554,0 days 00:00:10.377394,256,0.5946555013594825,0.006148067456098101,1,352,2,"{""batch_size"": 256, ""dropout_rate"": 0.5946555013594825, ""learning_rate"": 0.006148067456098101, ""num_layers"": 1, ""num_units"": 352, ""window_size"": 2}",COMPLETE
150,1.1090717513986084,2026-09-22 14:20:20.654494,2026-09-22 14:20:33.968459,0 days 00:00:13.313965,256,0.6997588731344704,0.0018708278865973288,1,64,1,"{""batch_size"": 256, ""dropout_rate"": 0.6997588731344704, ""learning_rate"": 0.0018708278865973288, ""num_layers"": 1, ""num_units"": 64, ""window_size"": 1}",COMPLETE
151,1.0700723735873499,2026-09-22 14:20:35.815258,2026-09-22 14:20:47.846298,0 days 00:00:12.031040,256,0.5118604101792359,0.004787466599396679,1,320,1,"{""batch_size"": 256, ""dropout_rate"": 0.5118604101792359, ""learning_rate"": 0.004787466599396679, ""num_layers"": 1, ""num_units"": 320, ""window_size"": 1}",COMPLETE
152,1.0692713420547686,2026-09-22 14:20:49.704130,2026-09-22 14:21:01.796033,0 days 00:00:12.091903,256,0.5469435060516695,0.0024849645019580486,1,320,1,"{""batch_size"": 256, ""dropout_rate"": 0.5469435060516695, ""learning_rate"": 0.0024849645019580486, ""num_layers"": 1, ""num_units"": 320, ""window_size"": 1}",COMPLETE
153,1.0843467807001075,2026-09-22 14:21:03.669568,2026-09-22 14:21:14.217781,0 days 00:00:10.548213,256,0.5618549319024578,0.0027528120483858985,1,416,1,"{""batch_size"": 256, ""dropout_rate"": 0.5618549319024578, ""learning_rate"": 0.0027528120483858985, ""num_layers"": 1, ""num_units"": 416, ""window_size"": 1}",COMPLETE
154,1.0949244921604844,2026-09-22 14:21:16.116819,2026-09-22 14:21:27.071888,0 days 00:00:10.955069,256,0.636475841501461,0.0018794709401811856,1,384,1,"{""batch_size"": 256, ""dropout_rate"": 0.636475841501461, ""learning_rate"": 0.0018794709401811856, ""num_layers"": 1, ""num_units"": 384, ""window_size"": 1}",COMPLETE
155,1.0752613078977507,2026-09-22 14:21:28.948211,2026-09-22 14:21:40.152584,0 days 00:00:11.204373,256,0.6359602020061186,0.001800874696324189,1,288,1,"{""batch_size"": 256, ""dropout_rate"": 0.6359602020061186, ""learning_rate"": 0.001800874696324189, ""num_layers"": 1, ""num_units"": 288, ""window_size"": 1}",COMPLETE
156,1.1041318793463808,2026-09-22 14:21:42.068606,2026-09-22 14:21:55.429563,0 days 00:00:13.360957,256,0.5461191802429045,0.002412876876633312,1,352,2,"{""batch_size"": 256, ""dropout_rate"": 0.5461191802429045, ""learning_rate"": 0.002412876876633312, ""num_layers"": 1, ""num_units"": 352, ""window_size"": 2}",COMPLETE
157,1.101447202387764,2026-09-22 14:21:57.333437,2026-09-22 14:22:08.285302,0 days 00:00:10.951865,256,0.6870181805358515,0.003625469669230463,1,288,2,"{""batch_size"": 256, ""dropout_rate"": 0.6870181805358515, ""learning_rate"": 0.003625469669230463, ""num_layers"": 1, ""num_units"": 288, ""window_size"": 2}",COMPLETE
158,1.0723461689983076,2026-09-22 14:22:10.191108,2026-09-22 14:22:22.748414,0 days 00:00:12.557306,256,0.6771585801065667,0.0015444070431100923,1,288,1,"{""batch_size"": 256, ""dropout_rate"": 0.6771585801065667, ""learning_rate"": 0.0015444070431100923, ""num_layers"": 1, ""num_units"": 288, ""window_size"": 1}",COMPLETE
159,1.132983367183886,2026-09-22 14:22:24.642157,2026-09-22 14:22:37.911174,0 days 00:00:13.269017,256,0.6669856179992357,0.0012536515703796716,2,256,1,"{""batch_size"": 256, ""dropout_rate"": 0.6669856179992357, ""learning_rate"": 0.0012536515703796716, ""num_layers"": 2, ""num_units"": 256, ""window_size"": 1}",COMPLETE
160,1.1226569959353256,2026-09-22 14:22:39.836285,2026-09-22 14:22:50.959553,0 days 00:00:11.123268,256,0.47693927361532806,0.0036624424648843312,1,320,2,"{""batch_size"": 256, ""dropout_rate"": 0.47693927361532806, ""learning_rate"": 0.0036624424648843312, ""num_layers"": 1, ""num_units"": 320, ""window_size"": 2}",COMPLETE
161,1.0675201284650029,2026-09-22 14:22:52.890997,2026-09-22 14:23:03.776674,0 days 00:00:10.885677,256,0.5844082136898928,0.0033550841934054387,1,224,1,"{""batch_size"": 256, ""dropout_rate"": 0.5844082136898928, ""learning_rate"": 0.0033550841934054387, ""num_layers"": 1, ""num_units"": 224, ""window_size"": 1}",COMPLETE
162,1.1394909888622837,2026-09-22 14:23:05.713423,2026-09-22 14:23:17.843416,0 days 00:00:12.129993,256,0.5438482206829035,0.008580225757725502,1,224,4,"{""batch_size"": 256, ""dropout_rate"": 0.5438482206829035, ""learning_rate"": 0.008580225757725502, ""num_layers"": 1, ""num_units"": 224, ""window_size"": 4}",COMPLETE
163,1.1047623923008398,2026-09-22 14:23:19.783965,2026-09-22 14:23:30.173299,0 days 00:00:10.389334,256,0.5368041686869736,0.007127900362961106,1,320,1,"{""batch_size"": 256, ""dropout_rate"": 0.5368041686869736, ""learning_rate"": 0.007127900362961106, ""num_layers"": 1, ""num_units"": 320, ""window_size"": 1}",COMPLETE
164,1.141056971853145,2026-09-22 14:23:32.124516,2026-09-22 14:23:42.354638,0 days 00:00:10.230122,256,0.533278192015648,0.0014609384036133762,1,384,2,"{""batch_size"": 256, ""dropout_rate"": 0.533278192015648, ""learning_rate"": 0.0014609384036133762, ""num_layers"": 1, ""num_units"": 384, ""window_size"": 2}",COMPLETE
165,1.1184557318664465,2026-09-22 14:23:44.324553,2026-09-22 14:23:55.904128,0 days 00:00:11.579575,256,0.6810499756755829,0.0012184365214174336,1,192,1,"{""batch_size"": 256, ""dropout_rate"": 0.6810499756755829, ""learning_rate"": 0.0012184365214174336, ""num_layers"": 1, ""num_units"": 192, ""window_size"": 1}",COMPLETE
166,1.0945029129707615,2026-09-22 14:23:57.862389,2026-09-22 14:24:07.950742,0 days 00:00:10.088353,256,0.49942250008547,0.005187670179208971,1,320,1,"{""batch_size"": 256, ""dropout_rate"": 0.49942250008547, ""learning_rate"": 0.005187670179208971, ""num_layers"": 1, ""num_units"": 320, ""window_size"": 1}",COMPLETE
167,1.0827447073425962,2026-09-22 14:24:09.932216,2026-09-22 14:24:22.824597,0 days 00:00:12.892381,256,0.6752161405172347,0.0025000720774769314,1,384,2,"{""batch_size"": 256, ""dropout_rate"": 0.6752161405172347, ""learning_rate"": 0.0025000720774769314, ""num_layers"": 1, ""num_units"": 384, ""window_size"": 2}",COMPLETE
168,1.1575639373236568,2026-09-22 14:24:24.863810,2026-09-22 14:24:35.022936,0 days 00:00:10.159126,256,0.6349612853980179,0.003118061422783131,1,320,3,"{""batch_size"": 256, ""dropout_rate"": 0.6349612853980179, ""learning_rate"": 0.003118061422783131, ""num_layers"": 1, ""num_units"": 320, ""window_size"": 3}",COMPLETE
169,1.0612918591759415,2026-09-22 14:24:37.078378,2026-09-22 14:24:49.344669,0 days 00:00:12.266291,256,0.6996558588536411,0.002638596090028274,1,256,1,"{""batch_size"": 256, ""dropout_rate"": 0.6996558588536411, ""learning_rate"": 0.002638596090028274, ""num_layers"": 1, ""num_units"": 256, ""window_size"": 1}",COMPLETE
170,1.1385459527460389,2026-09-22 14:24:51.351368,2026-09-22 14:25:04.741983,0 days 00:00:13.390615,256,0.6898907561665868,0.008205474422265253,1,288,3,"{""batch_size"": 256, ""dropout_rate"": 0.6898907561665868, ""learning_rate"": 0.008205474422265253, ""num_layers"": 1, ""num_units"": 288, ""window_size"": 3}",COMPLETE
171,1.0714014633727464,2026-09-22 14:25:06.763351,2026-09-22 14:25:19.321369,0 days 00:00:12.558018,256,0.6940593380701956,0.0023100684790569137,1,256,1,"{""batch_size"": 256, ""dropout_rate"": 0.6940593380701956, ""learning_rate"": 0.0023100684790569137, ""num_layers"": 1, ""num_units"": 256, ""window_size"": 1}",COMPLETE
172,1.1090443974173692,2026-09-22 14:25:21.349121,2026-09-22 14:25:34.975395,0 days 00:00:13.626274,256,0.6896683935517297,0.001675548123617325,1,256,3,"{""batch_size"": 256, ""dropout_rate"": 0.6896683935517297, ""learning_rate"": 0.001675548123617325, ""num_layers"": 1, ""num_units"": 256, ""window_size"": 3}",COMPLETE
173,1.1077250664825604,2026-09-22 14:25:37.037933,2026-09-22 14:25:49.783425,0 days 00:00:12.745492,256,0.6993523274489141,0.0017850216639115838,1,320,2,"{""batch_size"": 256, ""dropout_rate"": 0.6993523274489141, ""learning_rate"": 0.0017850216639115838, ""num_layers"": 1, ""num_units"": 320, ""window_size"": 2}",COMPLETE
174,1.0728414763930847,2026-09-22 14:25:51.964339,2026-09-22 14:26:04.533180,0 days 00:00:12.568841,256,0.6924396109258302,0.002365204982844698,1,224,1,"{""batch_size"": 256, ""dropout_rate"": 0.6924396109258302, ""learning_rate"": 0.002365204982844698, ""num_layers"": 1, ""num_units"": 224, ""window_size"": 1}",COMPLETE
175,1.1341388639422023,2026-09-22 14:26:06.604210,2026-09-22 14:26:20.122930,0 days 00:00:13.518720,256,0.6319791067137275,0.0028990287067458074,2,224,2,"{""batch_size"": 256, ""dropout_rate"": 0.6319791067137275, ""learning_rate"": 0.0028990287067458074, ""num_layers"": 2, ""num_units"": 224, ""window_size"": 2}",COMPLETE
176,1.1577622420326836,2026-09-22 14:26:22.175424,2026-09-22 14:26:32.669085,0 days 00:00:10.493661,256,0.6229289494754817,0.0030075346820585217,1,416,2,"{""batch_size"": 256, ""dropout_rate"": 0.6229289494754817, ""learning_rate"": 0.0030075346820585217, ""num_layers"": 1, ""num_units"": 416, ""window_size"": 2}",COMPLETE
177,1.0898337617218283,2026-09-22 14:26:34.740839,2026-09-22 14:26:46.306793,0 days 00:00:11.565954,256,0.47813750474709754,0.001813893997578954,1,288,1,"{""batch_size"": 256, ""dropout_rate"": 0.47813750474709754, ""learning_rate"": 0.001813893997578954, ""num_layers"": 1, ""num_units"": 288, ""window_size"": 1}",COMPLETE
178,1.0953900844614222,2026-09-22 14:26:48.377620,2026-09-22 14:27:04.706576,0 days 00:00:16.328956,256,0.564397718542599,0.0021396857595982967,3,224,1,"{""batch_size"": 256, ""dropout_rate"": 0.564397718542599, ""learning_rate"": 0.0021396857595982967, ""num_layers"": 3, ""num_units"": 224, ""window_size"": 1}",COMPLETE
179,1.091807394035001,2026-09-22 14:27:06.860799,2026-09-22 14:27:17.909291,0 days 00:00:11.048492,256,0.5461386117558485,0.0011971825313988511,1,256,1,"{""batch_size"": 256, ""dropout_rate"": 0.5461386117558485, ""learning_rate"": 0.0011971825313988511, ""num_layers"": 1, ""num_units"": 256, ""window_size"": 1}",COMPLETE
180,1.1558045534904313,2026-09-22 14:27:20.056582,2026-09-22 14:27:34.089218,0 days 00:00:14.032636,256,0.6328835053102334,0.0021619616849995926,1,288,4,"{""batch_size"": 256, ""dropout_rate"": 0.6328835053102334, ""learning_rate"": 0.0021619616849995926, ""num_layers"": 1, ""num_units"": 288, ""window_size"": 4}",COMPLETE
181,1.1315928347953976,2026-09-22 14:27:36.243994,2026-09-22 14:27:47.027692,0 days 00:00:10.783698,256,0.5726517653040618,0.0032165196822332436,1,192,1,"{""batch_size"": 256, ""dropout_rate"": 0.5726517653040618, ""learning_rate"": 0.0032165196822332436, ""num_layers"": 1, ""num_units"": 192, ""window_size"": 1}",COMPLETE
182,1.1102286643546808,2026-09-22 14:27:49.145790,2026-09-22 14:27:59.086130,0 days 00:00:09.940340,256,0.49875073310732876,0.0026632318846774405,1,256,1,"{""batch_size"": 256, ""dropout_rate"": 0.49875073310732876, ""learning_rate"": 0.0026632318846774405, ""num_layers"": 1, ""num_units"": 256, ""window_size"": 1}",COMPLETE
183,1.1574083035531761,2026-09-22 14:28:01.201624,2026-09-22 14:28:15.186264,0 days 00:00:13.984640,256,0.5396042363195664,0.0029502706356301553,1,288,4,"{""batch_size"": 256, ""dropout_rate"": 0.5396042363195664, ""learning_rate"": 0.0029502706356301553, ""num_layers"": 1, ""num_units"": 288, ""window_size"": 4}",COMPLETE
184,1.1145850135585047,2026-09-22 14:28:17.322116,2026-09-22 14:28:33.619799,0 days 00:00:16.297683,256,0.6869111930728214,0.0019574667170373424,2,224,1,"{""batch_size"": 256, ""dropout_rate"": 0.6869111930728214, ""learning_rate"": 0.0019574667170373424, ""num_layers"": 2, ""num_units"": 224, ""window_size"": 1}",COMPLETE
185,1.082251877276357,2026-09-22 14:28:35.820553,2026-09-22 14:28:47.970919,0 days 00:00:12.150366,128,0.6402889227518825,0.002486013965555452,1,352,2,"{""batch_size"": 128, ""dropout_rate"": 0.6402889227518825, ""learning_rate"": 0.002486013965555452, ""num_layers"": 1, ""num_units"": 352, ""window_size"": 2}",COMPLETE
186,1.0821146269700879,2026-09-22 14:28:50.142450,2026-09-22 14:29:01.200056,0 days 00:00:11.057606,256,0.6332395008098782,0.004938195594089008,1,416,1,"{""batch_size"": 256, ""dropout_rate"": 0.6332395008098782, ""learning_rate"": 0.004938195594089008, ""num_layers"": 1, ""num_units"": 416, ""window_size"": 1}",COMPLETE
187,1.1257001124846908,2026-09-22 14:29:03.389048,2026-09-22 14:29:14.364214,0 days 00:00:10.975166,256,0.5674570485241741,0.00798167113026253,1,192,2,"{""batch_size"": 256, ""dropout_rate"": 0.5674570485241741, ""learning_rate"": 0.00798167113026253, ""num_layers"": 1, ""num_units"": 192, ""window_size"": 2}",COMPLETE
188,1.1207476554489093,2026-09-22 14:29:16.542419,2026-09-22 14:29:28.200429,0 days 00:00:11.658010,256,0.6193047050500666,0.0017727560024787992,1,192,2,"{""batch_size"": 256, ""dropout_rate"": 0.6193047050500666, ""learning_rate"": 0.0017727560024787992, ""num_layers"": 1, ""num_units"": 192, ""window_size"": 2}",COMPLETE
189,1.133003655474176,2026-09-22 14:29:30.369839,2026-09-22 14:29:42.026578,0 days 00:00:11.656739,256,0.6858103342535901,0.002840511036065687,1,160,3,"{""batch_size"": 256, ""dropout_rate"": 0.6858103342535901, ""learning_rate"": 0.002840511036065687, ""num_layers"": 1, ""num_units"": 160, ""window_size"": 3}",COMPLETE
190,1.087703593089672,2026-09-22 14:29:44.200206,2026-09-22 14:30:00.485929,0 days 00:00:16.285723,256,0.6138884594434157,0.0033100530259967467,3,192,1,"{""batch_size"": 256, ""dropout_rate"": 0.6138884594434157, ""learning_rate"": 0.0033100530259967467, ""num_layers"": 3, ""num_units"": 192, ""window_size"": 1}",COMPLETE
191,1.2249334318468552,2026-09-22 14:30:02.726623,2026-09-22 14:30:14.351951,0 days 00:00:11.625328,256,0.6870827333438821,0.001005238350762286,1,224,3,"{""batch_size"": 256, ""dropout_rate"": 0.6870827333438821, ""learning_rate"": 0.001005238350762286, ""num_layers"": 1, ""num_units"": 224, ""window_size"": 3}",COMPLETE
192,1.066065014583487,2026-09-22 14:30:16.577237,2026-09-22 14:30:28.796915,0 days 00:00:12.219678,256,0.5932156607448142,0.004122495049705601,1,224,1,"{""batch_size"": 256, ""dropout_rate"": 0.5932156607448142, ""learning_rate"": 0.004122495049705601, ""num_layers"": 1, ""num_units"": 224, ""window_size"": 1}",COMPLETE
193,1.1243735938166939,2026-09-22 14:30:31.046420,2026-09-22 14:30:44.334125,0 days 00:00:13.287705,256,0.6525992744220833,0.0008074271351739914,1,224,1,"{""batch_size"": 256, ""dropout_rate"": 0.6525992744220833, ""learning_rate"": 0.0008074271351739914, ""num_layers"": 1, ""num_units"": 224, ""window_size"": 1}",COMPLETE
194,1.1508294977408255,2026-09-22 14:30:46.532715,2026-09-22 14:30:57.429321,0 days 00:00:10.896606,256,0.4659162331687024,0.00587604252770114,1,384,2,"{""batch_size"": 256, ""dropout_rate"": 0.4659162331687024, ""learning_rate"": 0.00587604252770114, ""num_layers"": 1, ""num_units"": 384, ""window_size"": 2}",COMPLETE
195,1.0742440645332583,2026-09-22 14:30:59.620691,2026-09-22 14:31:11.573279,0 days 00:00:11.952588,256,0.5721061289658271,0.0062508048381675054,1,288,1,"{""batch_size"": 256, ""dropout_rate"": 0.5721061289658271, ""learning_rate"": 0.0062508048381675054, ""num_layers"": 1, ""num_units"": 288, ""window_size"": 1}",COMPLETE
196,1.1170895859661096,2026-09-22 14:31:13.775374,2026-09-22 14:31:26.140669,0 days 00:00:12.365295,256,0.5612307609022916,0.007552112419087218,2,224,1,"{""batch_size"": 256, ""dropout_rate"": 0.5612307609022916, ""learning_rate"": 0.007552112419087218, ""num_layers"": 2, ""num_units"": 224, ""window_size"": 1}",COMPLETE
197,1.0683490048874187,2026-09-22 14:31:28.386817,2026-09-22 14:31:40.007445,0 days 00:00:11.620628,256,0.5346254572361647,0.002537368630309589,1,288,1,"{""batch_size"": 256, ""dropout_rate"": 0.5346254572361647, ""learning_rate"": 0.002537368630309589, ""num_layers"": 1, ""num_units"": 288, ""window_size"": 1}",COMPLETE
198,1.1766954494251132,2026-09-22 14:31:42.224250,2026-09-22 14:31:51.781408,0 days 00:00:09.557158,256,0.5267594546835795,0.004347458303121661,1,352,3,"{""batch_size"": 256, ""dropout_rate"": 0.5267594546835795, ""learning_rate"": 0.004347458303121661, ""num_layers"": 1, ""num_units"": 352, ""window_size"": 3}",COMPLETE
199,1.0945912127479513,2026-09-22 14:31:54.014825,2026-09-22 14:32:06.335013,0 days 00:00:12.320188,256,0.6865156893058593,0.004036498721237144,1,192,1,"{""batch_size"": 256, ""dropout_rate"": 0.6865156893058593, ""learning_rate"": 0.004036498721237144, ""num_layers"": 1, ""num_units"": 192, ""window_size"": 1}",COMPLETE
200,1.1086194914744807,2026-09-22 14:32:08.633267,2026-09-22 14:32:19.771424,0 days 00:00:11.138157,256,0.4976631872016943,0.002437707730929972,1,352,1,"{""batch_size"": 256, ""dropout_rate"": 0.4976631872016943, ""learning_rate"": 0.002437707730929972, ""num_layers"": 1, ""num_units"": 352, ""window_size"": 1}",COMPLETE
201,1.1901741417466727,2026-09-22 14:32:22.026138,2026-09-22 14:32:31.549207,0 days 00:00:09.523069,256,0.6694627705349575,0.0013445091907869286,1,384,2,"{""batch_size"": 256, ""dropout_rate"": 0.6694627705349575, ""learning_rate"": 0.0013445091907869286, ""num_layers"": 1, ""num_units"": 384, ""window_size"": 2}",COMPLETE
202,1.2386968415660158,2026-09-22 14:32:33.826965,2026-09-22 14:32:47.100745,0 days 00:00:13.273780,256,0.5940407114447872,0.0025253104984498936,2,256,3,"{""batch_size"": 256, ""dropout_rate"": 0.5940407114447872, ""learning_rate"": 0.0025253104984498936, ""num_layers"": 2, ""num_units"": 256, ""window_size"": 3}",COMPLETE
203,1.082107057474466,2026-09-22 14:32:49.338977,2026-09-22 14:33:01.904528,0 days 00:00:12.565551,256,0.5380621820662408,0.0037943195207553048,1,384,1,"{""batch_size"": 256, ""dropout_rate"": 0.5380621820662408, ""learning_rate"": 0.0037943195207553048, ""num_layers"": 1, ""num_units"": 384, ""window_size"": 1}",COMPLETE
204,1.1073245241524683,2026-09-22 14:33:04.160992,2026-09-22 14:33:14.688592,0 days 00:00:10.527600,256,0.5360484753938497,0.003048732630399307,1,320,1,"{""batch_size"": 256, ""dropout_rate"": 0.5360484753938497, ""learning_rate"": 0.003048732630399307, ""num_layers"": 1, ""num_units"": 320, ""window_size"": 1}",COMPLETE
205,1.1311339891673298,2026-09-22 14:33:16.970747,2026-09-22 14:33:30.302608,0 days 00:00:13.331861,256,0.6042851690029725,0.00493717110433718,1,160,4,"{""batch_size"": 256, ""dropout_rate"": 0.6042851690029725, ""learning_rate"": 0.00493717110433718, ""num_layers"": 1, ""num_units"": 160, ""window_size"": 4}",COMPLETE
206,1.0619512731249998,2026-09-22 14:33:32.576663,2026-09-22 14:33:48.015763,0 days 00:00:15.439100,32,0.6728100918759825,0.0016055614260630695,1,288,1,"{""batch_size"": 32, ""dropout_rate"": 0.6728100918759825, ""learning_rate"": 0.0016055614260630695, ""num_layers"": 1, ""num_units"": 288, ""window_size"": 1}",COMPLETE
207,1.0800655698071617,2026-09-22 14:33:50.358619,2026-09-22 14:34:02.117949,0 days 00:00:11.759330,256,0.6931154372841236,0.002592924433020636,1,256,1,"{""batch_size"": 256, ""dropout_rate"": 0.6931154372841236, ""learning_rate"": 0.002592924433020636, ""num_layers"": 1, ""num_units"": 256, ""window_size"": 1}",COMPLETE
208,1.119565185073303,2026-09-22 14:34:04.415438,2026-09-22 14:34:18.695683,0 days 00:00:14.280245,256,0.530734117482774,0.0034757220467713347,2,288,2,"{""batch_size"": 256, ""dropout_rate"": 0.530734117482774, ""learning_rate"": 0.0034757220467713347, ""num_layers"": 2, ""num_units"": 288, ""window_size"": 2}",COMPLETE
209,1.0940608501162725,2026-09-22 14:34:21.089427,2026-09-22 14:34:45.708815,0 days 00:00:24.619388,32,0.6561726722796325,0.0016354922270776892,1,320,2,"{""batch_size"": 32, ""dropout_rate"": 0.6561726722796325, ""learning_rate"": 0.0016354922270776892, ""num_layers"": 1, ""num_units"": 320, ""window_size"": 2}",COMPLETE
210,1.0388984660521814,2026-09-22 14:34:48.075674,2026-09-22 14:35:04.910315,0 days 00:00:16.834641,256,0.5180410591550312,0.0017742954057677384,2,352,1,"{""batch_size"": 256, ""dropout_rate"": 0.5180410591550312, ""learning_rate"": 0.0017742954057677384, ""num_layers"": 2, ""num_units"": 352, ""window_size"": 1}",COMPLETE
211,1.1442298695246054,2026-09-22 14:35:07.247363,2026-09-22 14:35:20.070220,0 days 00:00:12.822857,128,0.5151764910372162,0.00270282794232969,2,320,2,"{""batch_size"": 128, ""dropout_rate"": 0.5151764910372162, ""learning_rate"": 0.00270282794232969, ""num_layers"": 2, ""num_units"": 320, ""window_size"": 2}",COMPLETE
212,1.0730791639535664,2026-09-22 14:35:22.420864,2026-09-22 14:35:38.083338,0 days 00:00:15.662474,256,0.47952072490687947,0.0017717244351300343,2,384,1,"{""batch_size"": 256, ""dropout_rate"": 0.47952072490687947, ""learning_rate"": 0.0017717244351300343, ""num_layers"": 2, ""num_units"": 384, ""window_size"": 1}",COMPLETE
213,1.0843692162580423,2026-09-22 14:35:40.447337,2026-09-22 14:35:51.707365,0 days 00:00:11.260028,256,0.5216161099205269,0.001803327630598919,1,288,1,"{""batch_size"": 256, ""dropout_rate"": 0.5216161099205269, ""learning_rate"": 0.001803327630598919, ""num_layers"": 1, ""num_units"": 288, ""window_size"": 1}",COMPLETE
214,1.2034251929150745,2026-09-22 14:35:54.097054,2026-09-22 14:36:04.875132,0 days 00:00:10.778078,256,0.6735574978732732,0.005420911699124709,1,416,4,"{""batch_size"": 256, ""dropout_rate"": 0.6735574978732732, ""learning_rate"": 0.005420911699124709, ""num_layers"": 1, ""num_units"": 416, ""window_size"": 4}",COMPLETE
215,1.206828618660725,2026-09-22 14:36:07.324547,2026-09-22 14:36:17.091649,0 days 00:00:09.767102,256,0.5671806383644126,0.0016069850108267438,1,288,3,"{""batch_size"": 256, ""dropout_rate"": 0.5671806383644126, ""learning_rate"": 0.0016069850108267438, ""num_layers"": 1, ""num_units"": 288, ""window_size"": 3}",COMPLETE
216,1.0998989262853964,2026-09-22 14:36:19.534168,2026-09-22 14:36:34.573999,0 days 00:00:15.039831,256,0.5012053330204564,0.0013115199180140295,2,288,1,"{""batch_size"": 256, ""dropout_rate"": 0.5012053330204564, ""learning_rate"": 0.0013115199180140295, ""num_layers"": 2, ""num_units"": 288, ""window_size"": 1}",COMPLETE
217,1.1855001551439366,2026-09-22 14:36:37.034676,2026-09-22 14:36:55.379001,0 days 00:00:18.344325,256,0.5266104682024356,0.0025346710842311833,3,256,2,"{""batch_size"": 256, ""dropout_rate"": 0.5266104682024356, ""learning_rate"": 0.0025346710842311833, ""num_layers"": 3, ""num_units"": 256, ""window_size"": 2}",COMPLETE
218,1.1900857833421397,2026-09-22 14:36:57.923639,2026-09-22 14:37:11.005390,0 days 00:00:13.081751,512,0.6814425205327033,0.0011146977439619246,1,288,1,"{""batch_size"": 512, ""dropout_rate"": 0.6814425205327033, ""learning_rate"": 0.0011146977439619246, ""num_layers"": 1, ""num_units"": 288, ""window_size"": 1}",COMPLETE
219,1.1046669831200728,2026-09-22 14:37:13.443715,2026-09-22 14:37:26.714667,0 days 00:00:13.270952,256,0.6291702900374155,0.0036252703890505673,1,64,1,"{""batch_size"": 256, ""dropout_rate"": 0.6291702900374155, ""learning_rate"": 0.0036252703890505673, ""num_layers"": 1, ""num_units"": 64, ""window_size"": 1}",COMPLETE
220,1.081980606810444,2026-09-22 14:37:29.185600,2026-09-22 14:37:40.905949,0 days 00:00:11.720349,256,0.565369774510532,0.0018964809547918563,1,288,1,"{""batch_size"": 256, ""dropout_rate"": 0.565369774510532, ""learning_rate"": 0.0018964809547918563, ""num_layers"": 1, ""num_units"": 288, ""window_size"": 1}",COMPLETE
221,1.0936014545513013,2026-09-22 14:37:43.322353,2026-09-22 14:37:58.042635,0 days 00:00:14.720282,256,0.4411258532227087,0.0016590380925200119,2,384,1,"{""batch_size"": 256, ""dropout_rate"": 0.4411258532227087, ""learning_rate"": 0.0016590380925200119, ""num_layers"": 2, ""num_units"": 384, ""window_size"": 1}",COMPLETE
222,1.1933359828498054,2026-09-22 14:38:00.517015,2026-09-22 14:38:17.322790,0 days 00:00:16.805775,32,0.5233331516064899,0.001793294436491185,2,352,2,"{""batch_size"": 32, ""dropout_rate"": 0.5233331516064899, ""learning_rate"": 0.001793294436491185, ""num_layers"": 2, ""num_units"": 352, ""window_size"": 2}",COMPLETE
223,1.0849875930333226,2026-09-22 14:38:19.791123,2026-09-22 14:38:31.868392,0 days 00:00:12.077269,256,0.6503974278523553,0.0026071632997313474,1,224,1,"{""batch_size"": 256, ""dropout_rate"": 0.6503974278523553, ""learning_rate"": 0.0026071632997313474, ""num_layers"": 1, ""num_units"": 224, ""window_size"": 1}",COMPLETE
224,1.1252926521401365,2026-09-22 14:38:34.326916,2026-09-22 14:38:47.904083,0 days 00:00:13.577167,64,0.5110098811615391,0.000985800347801487,2,320,1,"{""batch_size"": 64, ""dropout_rate"": 0.5110098811615391, ""learning_rate"": 0.000985800347801487, ""num_layers"": 2, ""num_units"": 320, ""window_size"": 1}",COMPLETE
225,1.1464972526772617,2026-09-22 14:38:50.430903,2026-09-22 14:39:06.537921,0 days 00:00:16.107018,256,0.48570019525948305,0.0011559275322400502,2,352,2,"{""batch_size"": 256, ""dropout_rate"": 0.48570019525948305, ""learning_rate"": 0.0011559275322400502, ""num_layers"": 2, ""num_units"": 352, ""window_size"": 2}",COMPLETE
226,1.1675071824594736,2026-09-22 14:39:09.051252,2026-09-22 14:39:24.149074,0 days 00:00:15.097822,256,0.5220165487771985,0.0009433151199379637,2,448,2,"{""batch_size"": 256, ""dropout_rate"": 0.5220165487771985, ""learning_rate"": 0.0009433151199379637, ""num_layers"": 2, ""num_units"": 448, ""window_size"": 2}",COMPLETE
227,1.2540202208655165,2026-09-22 14:39:26.644903,2026-09-22 14:39:42.467090,0 days 00:00:15.822187,256,0.5935354082859098,0.0019667690702707117,3,256,3,"{""batch_size"": 256, ""dropout_rate"": 0.5935354082859098, ""learning_rate"": 0.0019667690702707117, ""num_layers"": 3, ""num_units"": 256, ""window_size"": 3}",COMPLETE
228,1.1984282122654164,2026-09-22 14:39:44.994767,2026-09-22 14:39:53.547596,0 days 00:00:08.552829,256,0.47301719126429936,0.005309439552261514,1,256,2,"{""batch_size"": 256, ""dropout_rate"": 0.47301719126429936, ""learning_rate"": 0.005309439552261514, ""num_layers"": 1, ""num_units"": 256, ""window_size"": 2}",COMPLETE
229,1.1378678293242652,2026-09-22 14:39:56.103022,2026-09-22 14:40:11.177056,0 days 00:00:15.074034,256,0.4556075202560225,0.0018042025958042189,2,288,2,"{""batch_size"": 256, ""dropout_rate"": 0.4556075202560225, ""learning_rate"": 0.0018042025958042189, ""num_layers"": 2, ""num_units"": 288, ""window_size"": 2}",COMPLETE
230,1.0732909203649756,2026-09-22 14:40:13.716406,2026-09-22 14:40:29.195159,0 days 00:00:15.478753,256,0.514221581895999,0.00253929057318377,2,416,1,"{""batch_size"": 256, ""dropout_rate"": 0.514221581895999, ""learning_rate"": 0.00253929057318377, ""num_layers"": 2, ""num_units"": 416, ""window_size"": 1}",COMPLETE
231,1.2049137781386055,2026-09-22 14:40:31.811419,2026-09-22 14:40:41.529236,0 days 00:00:09.717817,512,0.5725353606367003,0.0027460275281491124,1,288,1,"{""batch_size"": 512, ""dropout_rate"": 0.5725353606367003, ""learning_rate"": 0.0027460275281491124, ""num_layers"": 1, ""num_units"": 288, ""window_size"": 1}",COMPLETE
232,1.1357281857985706,2026-09-22 14:40:44.129105,2026-09-22 14:40:57.149303,0 days 00:00:13.020198,256,0.4937153654476279,0.0021880226711149383,2,352,1,"{""batch_size"": 256, ""dropout_rate"": 0.4937153654476279, ""learning_rate"": 0.0021880226711149383, ""num_layers"": 2, ""num_units"": 352, ""window_size"": 1}",COMPLETE
233,1.199390706902305,2026-09-22 14:40:59.713953,2026-09-22 14:41:14.493671,0 days 00:00:14.779718,256,0.4252833588488261,0.0011467708776221742,2,384,3,"{""batch_size"": 256, ""dropout_rate"": 0.4252833588488261, ""learning_rate"": 0.0011467708776221742, ""num_layers"": 2, ""num_units"": 384, ""window_size"": 3}",COMPLETE
234,1.1094084778257285,2026-09-22 14:41:17.084690,2026-09-22 14:41:45.820951,0 days 00:00:28.736261,16,0.5204865934591925,0.0026817765812835416,2,416,1,"{""batch_size"": 16, ""dropout_rate"": 0.5204865934591925, ""learning_rate"": 0.0026817765812835416, ""num_layers"": 2, ""num_units"": 416, ""window_size"": 1}",COMPLETE
235,1.1858647370793782,2026-09-22 14:41:48.434816,2026-09-22 14:42:02.599742,0 days 00:00:14.164926,256,0.4956490191116048,0.0023746570092383792,2,480,2,"{""batch_size"": 256, ""dropout_rate"": 0.4956490191116048, ""learning_rate"": 0.0023746570092383792, ""num_layers"": 2, ""num_units"": 480, ""window_size"": 2}",COMPLETE
236,1.0623660083262148,2026-09-22 14:42:05.179116,2026-09-22 14:42:19.673019,0 days 00:00:14.493903,32,0.69778229695367,0.0014219708777292667,1,288,1,"{""batch_size"": 32, ""dropout_rate"": 0.69778229695367, ""learning_rate"": 0.0014219708777292667, ""num_layers"": 1, ""num_units"": 288, ""window_size"": 1}",COMPLETE
237,1.1171709990419585,2026-09-22 14:42:22.285431,2026-09-22 14:42:35.717855,0 days 00:00:13.432424,256,0.4946269489332955,0.0032876958681852886,1,256,3,"{""batch_size"": 256, ""dropout_rate"": 0.4946269489332955, ""learning_rate"": 0.0032876958681852886, ""num_layers"": 1, ""num_units"": 256, ""window_size"": 3}",COMPLETE
238,1.0923302355331714,2026-09-22 14:42:38.366219,2026-09-22 14:42:51.107799,0 days 00:00:12.741580,256,0.6873287321024218,0.0026108458542592485,1,192,1,"{""batch_size"": 256, ""dropout_rate"": 0.6873287321024218, ""learning_rate"": 0.0026108458542592485, ""num_layers"": 1, ""num_units"": 192, ""window_size"": 1}",COMPLETE
239,1.127751224864011,2026-09-22 14:42:53.725168,2026-09-22 14:43:06.435414,0 days 00:00:12.710246,256,0.5966947101864088,0.002285832232405613,1,96,3,"{""batch_size"": 256, ""dropout_rate"": 0.5966947101864088, ""learning_rate"": 0.002285832232405613, ""num_layers"": 1, ""num_units"": 96, ""window_size"": 3}",COMPLETE
240,1.077667872710772,2026-09-22 14:43:09.045916,2026-09-22 14:43:26.125138,0 days 00:00:17.079222,256,0.5602007468489463,0.0017663757649282795,2,384,1,"{""batch_size"": 256, ""dropout_rate"": 0.5602007468489463, ""learning_rate"": 0.0017663757649282795, ""num_layers"": 2, ""num_units"": 384, ""window_size"": 1}",COMPLETE
241,1.06963715654721,2026-09-22 14:43:28.839022,2026-09-22 14:43:53.379232,0 days 00:00:24.540210,32,0.694451819723949,0.0015946279296823933,2,320,1,"{""batch_size"": 32, ""dropout_rate"": 0.694451819723949, ""learning_rate"": 0.0015946279296823933, ""num_layers"": 2, ""num_units"": 320, ""window_size"": 1}",COMPLETE
242,1.1163023000394237,2026-09-22 14:43:56.015188,2026-09-22 14:44:09.163523,0 days 00:00:13.148335,256,0.6466893522634863,0.005630662359345975,1,288,2,"{""batch_size"": 256, ""dropout_rate"": 0.6466893522634863, ""learning_rate"": 0.005630662359345975, ""num_layers"": 1, ""num_units"": 288, ""window_size"": 2}",COMPLETE
243,1.1123289608176818,2026-09-22 14:44:11.846027,2026-09-22 14:44:32.077875,0 days 00:00:20.231848,32,0.6904870051827138,0.0013407881822881025,2,320,1,"{""batch_size"": 32, ""dropout_rate"": 0.6904870051827138, ""learning_rate"": 0.0013407881822881025, ""num_layers"": 2, ""num_units"": 320, ""window_size"": 1}",COMPLETE
244,1.0561334687154196,2026-09-22 14:44:34.738118,2026-09-22 14:44:48.910845,0 days 00:00:14.172727,256,0.654309446722467,0.003864109204072756,1,288,1,"{""batch_size"": 256, ""dropout_rate"": 0.654309446722467, ""learning_rate"": 0.003864109204072756, ""num_layers"": 1, ""num_units"": 288, ""window_size"": 1}",COMPLETE
245,1.0689308065406828,2026-09-22 14:44:51.653866,2026-09-22 14:45:05.900273,0 days 00:00:14.246407,256,0.6658755989067018,0.001696242771948872,1,224,1,"{""batch_size"": 256, ""dropout_rate"": 0.6658755989067018, ""learning_rate"": 0.001696242771948872, ""num_layers"": 1, ""num_units"": 224, ""window_size"": 1}",COMPLETE
246,1.073275669452741,2026-09-22 14:45:08.652694,2026-09-22 14:45:31.155896,0 days 00:00:22.503202,32,0.6434076082587337,0.0021508285045391744,2,288,1,"{""batch_size"": 32, ""dropout_rate"": 0.6434076082587337, ""learning_rate"": 0.0021508285045391744, ""num_layers"": 2, ""num_units"": 288, ""window_size"": 1}",COMPLETE
247,1.153716499862266,2026-09-22 14:45:33.929149,2026-09-22 14:45:49.027766,0 days 00:00:15.098617,256,0.6100717546155369,0.0013126723563175518,2,256,2,"{""batch_size"": 256, ""dropout_rate"": 0.6100717546155369, ""learning_rate"": 0.0013126723563175518, ""num_layers"": 2, ""num_units"": 256, ""window_size"": 2}",COMPLETE
248,1.0905495294522813,2026-09-22 14:45:51.768875,2026-09-22 14:46:04.859779,0 days 00:00:13.090904,256,0.6525657365492539,0.0031446796230058215,1,384,1,"{""batch_size"": 256, ""dropout_rate"": 0.6525657365492539, ""learning_rate"": 0.0031446796230058215, ""num_layers"": 1, ""num_units"": 384, ""window_size"": 1}",COMPLETE
249,1.0968480400452567,2026-09-22 14:46:07.597784,2026-09-22 14:46:20.807283,0 days 00:00:13.209499,128,0.691824399625717,0.0027829416931663834,1,320,2,"{""batch_size"": 128, ""dropout_rate"": 0.691824399625717, ""learning_rate"": 0.0027829416931663834, ""num_layers"": 1, ""num_units"": 320, ""window_size"": 2}",COMPLETE
250,1.0487076047969843,2026-09-22 14:46:23.641247,2026-09-22 14:46:38.654371,0 days 00:00:15.013124,256,0.6229793335352201,0.0024595212707610482,1,288,1,"{""batch_size"": 256, ""dropout_rate"": 0.6229793335352201, ""learning_rate"": 0.0024595212707610482, ""num_layers"": 1, ""num_units"": 288, ""window_size"": 1}",COMPLETE
251,1.1585989401356107,2026-09-22 14:46:41.387557,2026-09-22 14:46:55.750266,0 days 00:00:14.362709,256,0.6863099125921324,0.003469496404789611,2,320,2,"{""batch_size"": 256, ""dropout_rate"": 0.6863099125921324, ""learning_rate"": 0.003469496404789611, ""num_layers"": 2, ""num_units"": 320, ""window_size"": 2}",COMPLETE
252,1.084454413768644,2026-09-22 14:46:58.552298,2026-09-22 14:47:11.088434,0 days 00:00:12.536136,128,0.5890173440700026,0.004971493285215807,1,192,1,"{""batch_size"": 128, ""dropout_rate"": 0.5890173440700026, ""learning_rate"": 0.004971493285215807, ""num_layers"": 1, ""num_units"": 192, ""window_size"": 1}",COMPLETE
253,1.057122790691289,2026-09-22 14:47:13.925343,2026-09-22 14:47:32.512968,0 days 00:00:18.587625,32,0.6969178905880349,0.0014199286803723342,1,256,1,"{""batch_size"": 32, ""dropout_rate"": 0.6969178905880349, ""learning_rate"": 0.0014199286803723342, ""num_layers"": 1, ""num_units"": 256, ""window_size"": 1}",COMPLETE
254,1.168876627601308,2026-09-22 14:47:35.303341,2026-09-22 14:47:55.872281,0 days 00:00:20.568940,32,0.6859010370253543,0.0010583627606641226,2,384,2,"{""batch_size"": 32, ""dropout_rate"": 0.6859010370253543, ""learning_rate"": 0.0010583627606641226, ""num_layers"": 2, ""num_units"": 384, ""window_size"": 2}",COMPLETE
255,1.1326552271063466,2026-09-22 14:47:58.679383,2026-09-22 14:48:12.996314,0 days 00:00:14.316931,32,0.6973843359513234,0.001420947209158785,1,192,2,"{""batch_size"": 32, ""dropout_rate"": 0.6973843359513234, ""learning_rate"": 0.001420947209158785, ""num_layers"": 1, ""num_units"": 192, ""window_size"": 2}",COMPLETE
256,1.217932821694885,2026-09-22 14:48:15.811867,2026-09-22 14:48:30.032603,0 days 00:00:14.220736,256,0.6829277901522092,0.0015684320677860223,2,320,3,"{""batch_size"": 256, ""dropout_rate"": 0.6829277901522092, ""learning_rate"": 0.0015684320677860223, ""num_layers"": 2, ""num_units"": 320, ""window_size"": 3}",COMPLETE
257,1.048416548848093,2026-09-22 14:48:32.853870,2026-09-22 14:48:49.367675,0 days 00:00:16.513805,32,0.6578723970362798,0.0012433389978836246,1,256,1,"{""batch_size"": 32, ""dropout_rate"": 0.6578723970362798, ""learning_rate"": 0.0012433389978836246, ""num_layers"": 1, ""num_units"": 256, ""window_size"": 1}",COMPLETE
258,1.0720314927465802,2026-09-22 14:48:52.205036,2026-09-22 14:49:17.130148,0 days 00:00:24.925112,32,0.654428647901445,0.0008752790532801685,2,256,1,"{""batch_size"": 32, ""dropout_rate"": 0.654428647901445, ""learning_rate"": 0.0008752790532801685, ""num_layers"": 2, ""num_units"": 256, ""window_size"": 1}",COMPLETE
259,1.0660102611191484,2026-09-22 14:49:20.012712,2026-09-22 14:49:34.865713,0 days 00:00:14.853001,32,0.6848969156075497,0.0011087180695249315,1,352,1,"{""batch_size"": 32, ""dropout_rate"": 0.6848969156075497, ""learning_rate"": 0.0011087180695249315, ""num_layers"": 1, ""num_units"": 352, ""window_size"": 1}",COMPLETE
260,1.094711927104186,2026-09-22 14:49:37.675592,2026-09-22 14:49:55.388316,0 days 00:00:17.712724,256,0.5752237157187338,0.002555658911481339,3,288,1,"{""batch_size"": 256, ""dropout_rate"": 0.5752237157187338, ""learning_rate"": 0.002555658911481339, ""num_layers"": 3, ""num_units"": 288, ""window_size"": 1}",COMPLETE
261,1.056861010726912,2026-09-22 14:49:58.278759,2026-09-22 14:50:12.791017,0 days 00:00:14.512258,256,0.6661097459479345,0.005880805147495301,1,416,1,"{""batch_size"": 256, ""dropout_rate"": 0.6661097459479345, ""learning_rate"": 0.005880805147495301, ""num_layers"": 1, ""num_units"": 416, ""window_size"": 1}",COMPLETE
262,1.074312981072142,2026-09-22 14:50:15.635153,2026-09-22 14:50:28.238452,0 days 00:00:12.603299,256,0.5572583750527439,0.004696448314833118,1,160,1,"{""batch_size"": 256, ""dropout_rate"": 0.5572583750527439, ""learning_rate"": 0.004696448314833118, ""num_layers"": 1, ""num_units"": 160, ""window_size"": 1}",COMPLETE
263,1.0911872026367868,2026-09-22 14:50:31.075116,2026-09-22 14:50:55.099952,0 days 00:00:24.024836,32,0.6473125287136781,0.0014569924067324123,2,320,1,"{""batch_size"": 32, ""dropout_rate"": 0.6473125287136781, ""learning_rate"": 0.0014569924067324123, ""num_layers"": 2, ""num_units"": 320, ""window_size"": 1}",COMPLETE
264,1.1668848320174237,2026-09-22 14:50:57.966632,2026-09-22 14:51:10.167991,0 days 00:00:12.201359,256,0.5004180698251809,0.0021798631870601566,1,288,3,"{""batch_size"": 256, ""dropout_rate"": 0.5004180698251809, ""learning_rate"": 0.0021798631870601566, ""num_layers"": 1, ""num_units"": 288, ""window_size"": 3}",COMPLETE
265,1.070728292703093,2026-09-22 14:51:13.045367,2026-09-22 14:51:28.306575,0 days 00:00:15.261208,32,0.6504474211496162,0.001021830187316161,1,352,1,"{""batch_size"": 32, ""dropout_rate"": 0.6504474211496162, ""learning_rate"": 0.001021830187316161, ""num_layers"": 1, ""num_units"": 352, ""window_size"": 1}",COMPLETE
266,1.0942241755979263,2026-09-22 14:51:31.137274,2026-09-22 14:51:45.649104,0 days 00:00:14.511830,256,0.5926436109201745,0.003436063910904791,2,320,1,"{""batch_size"": 256, ""dropout_rate"": 0.5926436109201745, ""learning_rate"": 0.003436063910904791, ""num_layers"": 2, ""num_units"": 320, ""window_size"": 1}",COMPLETE
267,1.0742481728951383,2026-09-22 14:51:48.531923,2026-09-22 14:52:08.080207,0 days 00:00:19.548284,256,0.5020177275690869,0.0010643217503598938,3,352,1,"{""batch_size"": 256, ""dropout_rate"": 0.5020177275690869, ""learning_rate"": 0.0010643217503598938, ""num_layers"": 3, ""num_units"": 352, ""window_size"": 1}",COMPLETE
268,1.1014557527153523,2026-09-22 14:52:11.087381,2026-09-22 14:52:32.935936,0 days 00:00:21.848555,256,0.49576907246093727,0.001644061586666298,4,352,1,"{""batch_size"": 256, ""dropout_rate"": 0.49576907246093727, ""learning_rate"": 0.001644061586666298, ""num_layers"": 4, ""num_units"": 352, ""window_size"": 1}",COMPLETE
269,1.2093039081019703,2026-09-22 14:52:35.895793,2026-09-22 14:52:47.490432,0 days 00:00:11.594639,256,0.6560305084002315,0.0014670273305815887,1,224,2,"{""batch_size"": 256, ""dropout_rate"": 0.6560305084002315, ""learning_rate"": 0.0014670273305815887, ""num_layers"": 1, ""num_units"": 224, ""window_size"": 2}",COMPLETE
270,1.1454224804208841,2026-09-22 14:52:50.437020,2026-09-22 14:53:03.639131,0 days 00:00:13.202111,256,0.5919511674259614,0.00393381671088202,1,224,3,"{""batch_size"": 256, ""dropout_rate"": 0.5919511674259614, ""learning_rate"": 0.00393381671088202, ""num_layers"": 1, ""num_units"": 224, ""window_size"": 3}",COMPLETE
271,1.0847254467396883,2026-09-22 14:53:06.634553,2026-09-22 14:53:22.300856,0 days 00:00:15.666303,256,0.6093092173182312,0.003434523090015789,2,256,1,"{""batch_size"": 256, ""dropout_rate"": 0.6093092173182312, ""learning_rate"": 0.003434523090015789, ""num_layers"": 2, ""num_units"": 256, ""window_size"": 1}",COMPLETE
272,1.0802756910058655,2026-09-22 14:53:25.306574,2026-09-22 14:53:39.462578,0 days 00:00:14.156004,256,0.5814522442479229,0.0015436924720688239,1,160,1,"{""batch_size"": 256, ""dropout_rate"": 0.5814522442479229, ""learning_rate"": 0.0015436924720688239, ""num_layers"": 1, ""num_units"": 160, ""window_size"": 1}",COMPLETE
273,1.0683543511256604,2026-09-22 14:53:42.508878,2026-09-22 14:53:58.554871,0 days 00:00:16.045993,32,0.69211659448945,0.0007839422398049609,1,320,1,"{""batch_size"": 32, ""dropout_rate"": 0.69211659448945, ""learning_rate"": 0.0007839422398049609, ""num_layers"": 1, ""num_units"": 320, ""window_size"": 1}",COMPLETE
274,1.137317752782667,2026-09-22 14:54:01.576138,2026-09-22 14:54:17.228060,0 days 00:00:15.651922,32,0.6865249163830505,0.000872926409634215,1,352,2,"{""batch_size"": 32, ""dropout_rate"": 0.6865249163830505, ""learning_rate"": 0.000872926409634215, ""num_layers"": 1, ""num_units"": 352, ""window_size"": 2}",COMPLETE
275,1.0872859169141516,2026-09-22 14:54:20.245776,2026-09-22 14:54:33.149997,0 days 00:00:12.904221,256,0.4868288931720211,0.004015823239209266,1,384,1,"{""batch_size"": 256, ""dropout_rate"": 0.4868288931720211, ""learning_rate"": 0.004015823239209266, ""num_layers"": 1, ""num_units"": 384, ""window_size"": 1}",COMPLETE
276,1.1192479402544235,2026-09-22 14:54:36.129135,2026-09-22 14:54:52.232998,0 days 00:00:16.103863,32,0.6810658032602965,0.0014054007395348977,1,448,2,"{""batch_size"": 32, ""dropout_rate"": 0.6810658032602965, ""learning_rate"": 0.0014054007395348977, ""num_layers"": 1, ""num_units"": 448, ""window_size"": 2}",COMPLETE
277,1.08276665080628,2026-09-22 14:54:55.233759,2026-09-22 14:55:08.623969,0 days 00:00:13.390210,256,0.6614516783334438,0.005420549671728009,1,480,1,"{""batch_size"": 256, ""dropout_rate"": 0.6614516783334438, ""learning_rate"": 0.005420549671728009, ""num_layers"": 1, ""num_units"": 480, ""window_size"": 1}",COMPLETE
278,1.1324674804095727,2026-09-22 14:55:11.682073,2026-09-22 14:55:27.208183,0 days 00:00:15.526110,32,0.6466893019854754,0.0009229925342511284,1,288,2,"{""batch_size"": 32, ""dropout_rate"": 0.6466893019854754, ""learning_rate"": 0.0009229925342511284, ""num_layers"": 1, ""num_units"": 288, ""window_size"": 2}",COMPLETE
279,1.1264259169923976,2026-09-22 14:55:30.337859,2026-09-22 14:55:50.925702,0 days 00:00:20.587843,32,0.6607597220655712,0.0005808558064110018,2,320,1,"{""batch_size"": 32, ""dropout_rate"": 0.6607597220655712, ""learning_rate"": 0.0005808558064110018, ""num_layers"": 2, ""num_units"": 320, ""window_size"": 1}",COMPLETE
280,1.074106933147461,2026-09-22 14:55:53.931714,2026-09-22 14:56:11.475038,0 days 00:00:17.543324,32,0.6594069878962387,0.0006252249917800157,1,320,1,"{""batch_size"": 32, ""dropout_rate"": 0.6594069878962387, ""learning_rate"": 0.0006252249917800157, ""num_layers"": 1, ""num_units"": 320, ""window_size"": 1}",COMPLETE
281,1.0764180941851584,2026-09-22 14:56:14.512345,2026-09-22 14:56:32.469044,0 days 00:00:17.956699,256,0.5916667430082209,0.0027609392251887357,2,192,1,"{""batch_size"": 256, ""dropout_rate"": 0.5916667430082209, ""learning_rate"": 0.0027609392251887357, ""num_layers"": 2, ""num_units"": 192, ""window_size"": 1}",COMPLETE
282,1.1100857747375745,2026-09-22 14:56:35.507913,2026-09-22 14:56:52.502202,0 days 00:00:16.994289,32,0.6831263780190583,0.0018857459760060911,1,256,2,"{""batch_size"": 32, ""dropout_rate"": 0.6831263780190583, ""learning_rate"": 0.0018857459760060911, ""num_layers"": 1, ""num_units"": 256, ""window_size"": 2}",COMPLETE
283,1.1605889808906513,2026-09-22 14:56:55.564355,2026-09-22 14:57:10.643927,0 days 00:00:15.079572,64,0.6665513982668354,0.0011323786700271543,1,320,3,"{""batch_size"": 64, ""dropout_rate"": 0.6665513982668354, ""learning_rate"": 0.0011323786700271543, ""num_layers"": 1, ""num_units"": 320, ""window_size"": 3}",COMPLETE
284,1.0981893760116617,2026-09-22 14:57:13.663078,2026-09-22 14:57:34.915917,0 days 00:00:21.252839,32,0.692312475948008,0.0009124481606088318,1,256,2,"{""batch_size"": 32, ""dropout_rate"": 0.692312475948008, ""learning_rate"": 0.0009124481606088318, ""num_layers"": 1, ""num_units"": 256, ""window_size"": 2}",COMPLETE
285,1.1184682542184832,2026-09-22 14:57:37.966337,2026-09-22 14:57:55.764202,0 days 00:00:17.797865,32,0.6829490044966894,0.0007790153693669574,1,192,1,"{""batch_size"": 32, ""dropout_rate"": 0.6829490044966894, ""learning_rate"": 0.0007790153693669574, ""num_layers"": 1, ""num_units"": 192, ""window_size"": 1}",COMPLETE
286,1.0934837534491757,2026-09-22 14:57:58.849573,2026-09-22 14:58:15.822715,0 days 00:00:16.973142,32,0.6650804630141847,0.0007641239106444908,1,416,1,"{""batch_size"": 32, ""dropout_rate"": 0.6650804630141847, ""learning_rate"": 0.0007641239106444908, ""num_layers"": 1, ""num_units"": 416, ""window_size"": 1}",COMPLETE
287,1.2444334471880556,2026-09-22 14:58:18.923044,2026-09-22 14:58:36.983090,0 days 00:00:18.060046,32,0.687225807155392,0.0006023623947875031,2,352,3,"{""batch_size"": 32, ""dropout_rate"": 0.687225807155392, ""learning_rate"": 0.0006023623947875031, ""num_layers"": 2, ""num_units"": 352, ""window_size"": 3}",COMPLETE
288,1.1658030922858387,2026-09-22 14:58:40.071696,2026-09-22 14:58:54.215196,0 days 00:00:14.143500,256,0.6765308061820242,0.008681048636170407,1,480,3,"{""batch_size"": 256, ""dropout_rate"": 0.6765308061820242, ""learning_rate"": 0.008681048636170407, ""num_layers"": 1, ""num_units"": 480, ""window_size"": 3}",COMPLETE
289,1.1860545103915507,2026-09-22 14:58:57.365643,2026-09-22 14:59:17.463016,0 days 00:00:20.097373,256,0.6827013963305744,0.0009004792326033238,3,320,1,"{""batch_size"": 256, ""dropout_rate"": 0.6827013963305744, ""learning_rate"": 0.0009004792326033238, ""num_layers"": 3, ""num_units"": 320, ""window_size"": 1}",COMPLETE
290,1.1771240750603038,2026-09-22 14:59:20.604198,2026-09-22 14:59:37.013325,0 days 00:00:16.409127,32,0.6581039492755846,0.0006174933033732791,2,384,1,"{""batch_size"": 32, ""dropout_rate"": 0.6581039492755846, ""learning_rate"": 0.0006174933033732791, ""num_layers"": 2, ""num_units"": 384, ""window_size"": 1}",COMPLETE
291,1.0762064981522441,2026-09-22 14:59:40.143065,2026-09-22 14:59:54.041515,0 days 00:00:13.898450,256,0.6746254477762196,0.008654431384915002,1,416,1,"{""batch_size"": 256, ""dropout_rate"": 0.6746254477762196, ""learning_rate"": 0.008654431384915002, ""num_layers"": 1, ""num_units"": 416, ""window_size"": 1}",COMPLETE
292,1.0657294295591961,2026-09-22 14:59:57.188669,2026-09-22 15:00:23.389112,0 days 00:00:26.200443,32,0.6992967813004874,0.002121191039730247,2,288,1,"{""batch_size"": 32, ""dropout_rate"": 0.6992967813004874, ""learning_rate"": 0.002121191039730247, ""num_layers"": 2, ""num_units"": 288, ""window_size"": 1}",COMPLETE
293,1.0854611039105688,2026-09-22 15:00:26.567176,2026-09-22 15:00:42.292425,0 days 00:00:15.725249,32,0.6915575721280324,0.0012862468082562477,1,384,1,"{""batch_size"": 32, ""dropout_rate"": 0.6915575721280324, ""learning_rate"": 0.0012862468082562477, ""num_layers"": 1, ""num_units"": 384, ""window_size"": 1}",COMPLETE
294,1.1226716662533736,2026-09-22 15:00:45.424822,2026-09-22 15:00:59.657579,0 days 00:00:14.232757,256,0.6564510212055332,0.005074965160238431,1,352,3,"{""batch_size"": 256, ""dropout_rate"": 0.6564510212055332, ""learning_rate"": 0.005074965160238431, ""num_layers"": 1, ""num_units"": 352, ""window_size"": 3}",COMPLETE
295,1.1722387840007509,2026-09-22 15:01:02.861752,2026-09-22 15:01:25.206911,0 days 00:00:22.345159,32,0.693432460922389,0.0018865423899937165,2,256,2,"{""batch_size"": 32, ""dropout_rate"": 0.693432460922389, ""learning_rate"": 0.0018865423899937165, ""num_layers"": 2, ""num_units"": 256, ""window_size"": 2}",COMPLETE
296,1.0755222920685963,2026-09-22 15:01:28.404719,2026-09-22 15:01:42.933971,0 days 00:00:14.529252,256,0.6187357696227449,0.002335580340138307,1,256,1,"{""batch_size"": 256, ""dropout_rate"": 0.6187357696227449, ""learning_rate"": 0.002335580340138307, ""num_layers"": 1, ""num_units"": 256, ""window_size"": 1}",COMPLETE
297,1.2956586019078038,2026-09-22 15:01:46.084802,2026-09-22 15:02:05.843157,0 days 00:00:19.758355,32,0.6664249468587855,0.0015031484172907306,3,288,3,"{""batch_size"": 32, ""dropout_rate"": 0.6664249468587855, ""learning_rate"": 0.0015031484172907306, ""num_layers"": 3, ""num_units"": 288, ""window_size"": 3}",COMPLETE
298,1.1553306640666599,2026-09-22 15:02:09.068548,2026-09-22 15:02:24.997612,0 days 00:00:15.929064,16,0.6907945377538696,0.0025985387434885663,1,256,3,"{""batch_size"": 16, ""dropout_rate"": 0.6907945377538696, ""learning_rate"": 0.0025985387434885663, ""num_layers"": 1, ""num_units"": 256, ""window_size"": 3}",COMPLETE
299,1.1212899916995853,2026-09-22 15:02:28.199560,2026-09-22 15:02:40.352020,0 days 00:00:12.152460,256,0.6424268985962688,0.006638228916837039,1,384,1,"{""batch_size"": 256, ""dropout_rate"": 0.6424268985962688, ""learning_rate"": 0.006638228916837039, ""num_layers"": 1, ""num_units"": 384, ""window_size"": 1}",COMPLETE
300,1.0772488048595439,2026-09-22 15:02:43.620211,2026-09-22 15:03:03.338440,0 days 00:00:19.718229,32,0.6922253426057032,0.0012923350722575217,1,288,2,"{""batch_size"": 32, ""dropout_rate"": 0.6922253426057032, ""learning_rate"": 0.0012923350722575217, ""num_layers"": 1, ""num_units"": 288, ""window_size"": 2}",COMPLETE
301,1.1795389220750359,2026-09-22 15:03:06.611891,2026-09-22 15:03:24.918899,0 days 00:00:18.307008,32,0.6348013115641776,0.0009550873539276983,1,384,4,"{""batch_size"": 32, ""dropout_rate"": 0.6348013115641776, ""learning_rate"": 0.0009550873539276983, ""num_layers"": 1, ""num_units"": 384, ""window_size"": 4}",COMPLETE
302,1.2110073058854065,2026-09-22 15:03:28.125269,2026-09-22 15:03:38.227246,0 days 00:00:10.101977,256,0.57276684105093,0.003284566796648732,1,352,1,"{""batch_size"": 256, ""dropout_rate"": 0.57276684105093, ""learning_rate"": 0.003284566796648732, ""num_layers"": 1, ""num_units"": 352, ""window_size"": 1}",COMPLETE
303,1.1121029920739494,2026-09-22 15:03:41.435655,2026-09-22 15:03:57.584066,0 days 00:00:16.148411,256,0.607517822481913,0.0017489641103401357,2,224,1,"{""batch_size"": 256, ""dropout_rate"": 0.607517822481913, ""learning_rate"": 0.0017489641103401357, ""num_layers"": 2, ""num_units"": 224, ""window_size"": 1}",COMPLETE
304,1.1111586258092363,2026-09-22 15:04:00.825425,2026-09-22 15:04:14.127177,0 days 00:00:13.301752,256,0.6181953829280094,0.0010479329634333371,1,224,1,"{""batch_size"": 256, ""dropout_rate"": 0.6181953829280094, ""learning_rate"": 0.0010479329634333371, ""num_layers"": 1, ""num_units"": 224, ""window_size"": 1}",COMPLETE
305,1.131126626388917,2026-09-22 15:04:17.365761,2026-09-22 15:04:34.950420,0 days 00:00:17.584659,256,0.5866979970826808,0.0018383322599035289,2,320,2,"{""batch_size"": 256, ""dropout_rate"": 0.5866979970826808, ""learning_rate"": 0.0018383322599035289, ""num_layers"": 2, ""num_units"": 320, ""window_size"": 2}",COMPLETE
306,1.1502413534404123,2026-09-22 15:04:38.182122,2026-09-22 15:04:50.371124,0 days 00:00:12.189002,256,0.4893694428721327,0.002176678347065673,1,352,3,"{""batch_size"": 256, ""dropout_rate"": 0.4893694428721327, ""learning_rate"": 0.002176678347065673, ""num_layers"": 1, ""num_units"": 352, ""window_size"": 3}",COMPLETE
307,1.1718938064766629,2026-09-22 15:04:53.620690,2026-09-22 15:05:07.999955,0 days 00:00:14.379265,256,0.5619259766411078,0.0025337966865800646,2,288,2,"{""batch_size"": 256, ""dropout_rate"": 0.5619259766411078, ""learning_rate"": 0.0025337966865800646, ""num_layers"": 2, ""num_units"": 288, ""window_size"": 2}",COMPLETE
308,1.0535794754513506,2026-09-22 15:05:11.307987,2026-09-22 15:05:28.797187,0 days 00:00:17.489200,32,0.6443463806524385,0.0023282003457408495,1,288,1,"{""batch_size"": 32, ""dropout_rate"": 0.6443463806524385, ""learning_rate"": 0.0023282003457408495, ""num_layers"": 1, ""num_units"": 288, ""window_size"": 1}",COMPLETE
309,1.113683557285129,2026-09-22 15:05:32.101131,2026-09-22 15:05:44.365164,0 days 00:00:12.264033,256,0.6586921599610325,0.004240534849146899,1,320,1,"{""batch_size"": 256, ""dropout_rate"": 0.6586921599610325, ""learning_rate"": 0.004240534849146899, ""num_layers"": 1, ""num_units"": 320, ""window_size"": 1}",COMPLETE
310,1.0839382676179705,2026-09-22 15:05:47.671686,2026-09-22 15:06:01.694385,0 days 00:00:14.022699,32,0.6154890137006113,0.0017532405838200894,1,256,1,"{""batch_size"": 32, ""dropout_rate"": 0.6154890137006113, ""learning_rate"": 0.0017532405838200894, ""num_layers"": 1, ""num_units"": 256, ""window_size"": 1}",COMPLETE
311,1.139414908858475,2026-09-22 15:06:04.969014,2026-09-22 15:06:26.573137,0 days 00:00:21.604123,32,0.6552915034611021,0.0010058798651152898,1,192,3,"{""batch_size"": 32, ""dropout_rate"": 0.6552915034611021, ""learning_rate"": 0.0010058798651152898, ""num_layers"": 1, ""num_units"": 192, ""window_size"": 3}",COMPLETE
312,1.2018412250868344,2026-09-22 15:06:29.908210,2026-09-22 15:06:45.208917,0 days 00:00:15.300707,256,0.45965613488974394,0.001819617882386951,2,384,3,"{""batch_size"": 256, ""dropout_rate"": 0.45965613488974394, ""learning_rate"": 0.001819617882386951, ""num_layers"": 2, ""num_units"": 384, ""window_size"": 3}",COMPLETE
313,1.0601845908667218,2026-09-22 15:06:48.501788,2026-09-22 15:07:12.123776,0 days 00:00:23.621988,32,0.6863414814774111,0.002616952301109201,2,256,1,"{""batch_size"": 32, ""dropout_rate"": 0.6863414814774111, ""learning_rate"": 0.002616952301109201, ""num_layers"": 2, ""num_units"": 256, ""window_size"": 1}",COMPLETE
314,1.2025430705717424,2026-09-22 15:07:15.470316,2026-09-22 15:07:42.090811,0 days 00:00:26.620495,32,0.6517785370848059,0.0023478981296043908,3,352,2,"{""batch_size"": 32, ""dropout_rate"": 0.6517785370848059, ""learning_rate"": 0.0023478981296043908, ""num_layers"": 3, ""num_units"": 352, ""window_size"": 2}",COMPLETE
315,1.181659506750053,2026-09-22 15:07:45.437216,2026-09-22 15:08:05.892220,0 days 00:00:20.455004,32,0.6867886452925192,0.003542440268028864,2,256,2,"{""batch_size"": 32, ""dropout_rate"": 0.6867886452925192, ""learning_rate"": 0.003542440268028864, ""num_layers"": 2, ""num_units"": 256, ""window_size"": 2}",COMPLETE
316,1.075663131377922,2026-09-22 15:08:09.317757,2026-09-22 15:08:25.762470,0 days 00:00:16.444713,512,0.6722673835163175,0.0036597092176878236,1,256,1,"{""batch_size"": 512, ""dropout_rate"": 0.6722673835163175, ""learning_rate"": 0.0036597092176878236, ""num_layers"": 1, ""num_units"": 256, ""window_size"": 1}",COMPLETE
317,1.0887521773657292,2026-09-22 15:08:29.137136,2026-09-22 15:08:46.187946,0 days 00:00:17.050810,256,0.5300806656715362,0.0013993020991529858,2,416,1,"{""batch_size"": 256, ""dropout_rate"": 0.5300806656715362, ""learning_rate"": 0.0013993020991529858, ""num_layers"": 2, ""num_units"": 416, ""window_size"": 1}",COMPLETE
318,1.0870011364592005,2026-09-22 15:08:49.535878,2026-09-22 15:09:05.195370,0 days 00:00:15.659492,256,0.6002179914839879,0.004880989264642314,1,448,1,"{""batch_size"": 256, ""dropout_rate"": 0.6002179914839879, ""learning_rate"": 0.004880989264642314, ""num_layers"": 1, ""num_units"": 448, ""window_size"": 1}",COMPLETE
319,1.1270135906697654,2026-09-22 15:09:08.575757,2026-09-22 15:09:25.017180,0 days 00:00:16.441423,256,0.5515359698516616,0.0010977694221274785,2,320,1,"{""batch_size"": 256, ""dropout_rate"": 0.5515359698516616, ""learning_rate"": 0.0010977694221274785, ""num_layers"": 2, ""num_units"": 320, ""window_size"": 1}",COMPLETE
320,1.1428268871877327,2026-09-22 15:09:28.422909,2026-09-22 15:09:43.774118,0 days 00:00:15.351209,256,0.5257655723476131,0.001675995361157313,1,320,3,"{""batch_size"": 256, ""dropout_rate"": 0.5257655723476131, ""learning_rate"": 0.001675995361157313, ""num_layers"": 1, ""num_units"": 320, ""window_size"": 3}",COMPLETE
321,1.078559057724904,2026-09-22 15:09:47.246648,2026-09-22 15:10:10.792796,0 days 00:00:23.546148,32,0.6687910196469262,0.002682566349385827,2,224,1,"{""batch_size"": 32, ""dropout_rate"": 0.6687910196469262, ""learning_rate"": 0.002682566349385827, ""num_layers"": 2, ""num_units"": 224, ""window_size"": 1}",COMPLETE
322,1.2980440256263452,2026-09-22 15:10:14.270279,2026-09-22 15:10:27.760005,0 days 00:00:13.489726,256,0.5441969174591975,0.0015435491775232636,2,352,3,"{""batch_size"": 256, ""dropout_rate"": 0.5441969174591975, ""learning_rate"": 0.0015435491775232636, ""num_layers"": 2, ""num_units"": 352, ""window_size"": 3}",COMPLETE
323,1.1199684885517056,2026-09-22 15:10:31.197105,2026-09-22 15:10:53.552467,0 days 00:00:22.355362,32,0.6648984854349714,0.00039415724489593764,1,288,2,"{""batch_size"": 32, ""dropout_rate"": 0.6648984854349714, ""learning_rate"": 0.00039415724489593764, ""num_layers"": 1, ""num_units"": 288, ""window_size"": 2}",COMPLETE
324,1.0868540047842623,2026-09-22 15:10:56.976385,2026-09-22 15:11:16.029247,0 days 00:00:19.052862,32,0.6976534899884832,0.002490274329366659,2,288,1,"{""batch_size"": 32, ""dropout_rate"": 0.6976534899884832, ""learning_rate"": 0.002490274329366659, ""num_layers"": 2, ""num_units"": 288, ""window_size"": 1}",COMPLETE
325,1.1537364679522923,2026-09-22 15:11:19.474233,2026-09-22 15:11:34.023243,0 days 00:00:14.549010,256,0.683489507880403,0.001422670606596884,1,128,2,"{""batch_size"": 256, ""dropout_rate"": 0.683489507880403, ""learning_rate"": 0.001422670606596884, ""num_layers"": 1, ""num_units"": 128, ""window_size"": 2}",COMPLETE
326,1.05478393891903,2026-09-22 15:11:37.451830,2026-09-22 15:11:53.741461,0 days 00:00:16.289631,32,0.6770784029309631,0.0019711143838568685,1,320,1,"{""batch_size"": 32, ""dropout_rate"": 0.6770784029309631, ""learning_rate"": 0.0019711143838568685, ""num_layers"": 1, ""num_units"": 320, ""window_size"": 1}",COMPLETE
327,1.0961198500653326,2026-09-22 15:11:57.176175,2026-09-22 15:12:14.446822,0 days 00:00:17.270647,256,0.5635371295582294,0.0017018629836158033,2,192,1,"{""batch_size"": 256, ""dropout_rate"": 0.5635371295582294, ""learning_rate"": 0.0017018629836158033, ""num_layers"": 2, ""num_units"": 192, ""window_size"": 1}",COMPLETE
328,1.2373041969310328,2026-09-22 15:12:17.962054,2026-09-22 15:12:32.567057,0 days 00:00:14.605003,512,0.6848877837729634,0.0024861874240691257,2,352,2,"{""batch_size"": 512, ""dropout_rate"": 0.6848877837729634, ""learning_rate"": 0.0024861874240691257, ""num_layers"": 2, ""num_units"": 352, ""window_size"": 2}",COMPLETE
329,1.0720419905224141,2026-09-22 15:12:36.043540,2026-09-22 15:12:51.739381,0 days 00:00:15.695841,32,0.6318143055290218,0.0020747558319634987,1,320,1,"{""batch_size"": 32, ""dropout_rate"": 0.6318143055290218, ""learning_rate"": 0.0020747558319634987, ""num_layers"": 1, ""num_units"": 320, ""window_size"": 1}",COMPLETE
330,1.143021698292253,2026-09-22 15:12:55.473000,2026-09-22 15:13:09.369022,0 days 00:00:13.896022,128,0.682178866655954,0.0015621842399407015,1,320,3,"{""batch_size"": 128, ""dropout_rate"": 0.682178866655954, ""learning_rate"": 0.0015621842399407015, ""num_layers"": 1, ""num_units"": 320, ""window_size"": 3}",COMPLETE
331,1.145559086766902,2026-09-22 15:13:12.879889,2026-09-22 15:13:31.308033,0 days 00:00:18.428144,32,0.6171185822663554,0.0012476264604723269,1,224,3,"{""batch_size"": 32, ""dropout_rate"": 0.6171185822663554, ""learning_rate"": 0.0012476264604723269, ""num_layers"": 1, ""num_units"": 224, ""window_size"": 3}",COMPLETE
332,1.1202128858245008,2026-09-22 15:13:34.905591,2026-09-22 15:13:47.942568,0 days 00:00:13.036977,256,0.6691444509781382,0.008883262995508397,1,320,1,"{""batch_size"": 256, ""dropout_rate"": 0.6691444509781382, ""learning_rate"": 0.008883262995508397, ""num_layers"": 1, ""num_units"": 320, ""window_size"": 1}",COMPLETE
333,1.1417341481881782,2026-09-22 15:13:51.471893,2026-09-22 15:14:03.293932,0 days 00:00:11.822039,256,0.5072139047875674,0.0029013352909810076,1,128,2,"{""batch_size"": 256, ""dropout_rate"": 0.5072139047875674, ""learning_rate"": 0.0029013352909810076, ""num_layers"": 1, ""num_units"": 128, ""window_size"": 2}",COMPLETE
334,1.0816399239158705,2026-09-22 15:14:06.809075,2026-09-22 15:14:22.081084,0 days 00:00:15.272009,256,0.6817581873705072,0.0034762332375944667,1,448,1,"{""batch_size"": 256, ""dropout_rate"": 0.6817581873705072, ""learning_rate"": 0.0034762332375944667, ""num_layers"": 1, ""num_units"": 448, ""window_size"": 1}",COMPLETE
335,1.0792286423806219,2026-09-22 15:14:25.661951,2026-09-22 15:14:41.829103,0 days 00:00:16.167152,32,0.6794885870081786,0.0020480521825372916,1,320,1,"{""batch_size"": 32, ""dropout_rate"": 0.6794885870081786, ""learning_rate"": 0.0020480521825372916, ""num_layers"": 1, ""num_units"": 320, ""window_size"": 1}",COMPLETE
336,1.1357328962121773,2026-09-22 15:14:45.363712,2026-09-22 15:15:00.194637,0 days 00:00:14.830925,256,0.6927392720561572,0.004066338859856723,1,96,3,"{""batch_size"": 256, ""dropout_rate"": 0.6927392720561572, ""learning_rate"": 0.004066338859856723, ""num_layers"": 1, ""num_units"": 96, ""window_size"": 3}",COMPLETE
337,1.084574948393008,2026-09-22 15:15:03.768215,2026-09-22 15:15:21.067079,0 days 00:00:17.298864,32,0.6608818524019953,0.0010448460864941609,1,224,1,"{""batch_size"": 32, ""dropout_rate"": 0.6608818524019953, ""learning_rate"": 0.0010448460864941609, ""num_layers"": 1, ""num_units"": 224, ""window_size"": 1}",COMPLETE
338,1.2114747999970708,2026-09-22 15:15:24.617056,2026-09-22 15:15:43.927354,0 days 00:00:19.310298,32,0.6887357199093117,0.0017388003637741887,2,384,3,"{""batch_size"": 32, ""dropout_rate"": 0.6887357199093117, ""learning_rate"": 0.0017388003637741887, ""num_layers"": 2, ""num_units"": 384, ""window_size"": 3}",COMPLETE
339,1.1172919419900138,2026-09-22 15:15:47.489622,2026-09-22 15:16:10.128006,0 days 00:00:22.638384,512,0.5913775062045602,0.0017380037047882272,3,288,1,"{""batch_size"": 512, ""dropout_rate"": 0.5913775062045602, ""learning_rate"": 0.0017380037047882272, ""num_layers"": 3, ""num_units"": 288, ""window_size"": 1}",COMPLETE
340,1.208232902379704,2026-09-22 15:16:13.726492,2026-09-22 15:16:30.871192,0 days 00:00:17.144700,32,0.6666317912355796,0.0023588711392762834,2,288,3,"{""batch_size"": 32, ""dropout_rate"": 0.6666317912355796, ""learning_rate"": 0.0023588711392762834, ""num_layers"": 2, ""num_units"": 288, ""window_size"": 3}",COMPLETE
341,1.2076794094037346,2026-09-22 15:16:34.500371,2026-09-22 15:16:50.893327,0 days 00:00:16.392956,256,0.5177608407278254,0.0011266129476699795,2,288,3,"{""batch_size"": 256, ""dropout_rate"": 0.5177608407278254, ""learning_rate"": 0.0011266129476699795, ""num_layers"": 2, ""num_units"": 288, ""window_size"": 3}",COMPLETE
342,1.2025908202417985,2026-09-22 15:16:54.505221,2026-09-22 15:17:09.439303,0 days 00:00:14.934082,128,0.6781264099605477,0.00507847190392713,2,256,2,"{""batch_size"": 128, ""dropout_rate"": 0.6781264099605477, ""learning_rate"": 0.00507847190392713, ""num_layers"": 2, ""num_units"": 256, ""window_size"": 2}",COMPLETE
343,1.076833272931053,2026-09-22 15:17:13.046520,2026-09-22 15:17:27.098653,0 days 00:00:14.052133,256,0.6457737069084644,0.003633704908482154,1,224,1,"{""batch_size"": 256, ""dropout_rate"": 0.6457737069084644, ""learning_rate"": 0.003633704908482154, ""num_layers"": 1, ""num_units"": 224, ""window_size"": 1}",COMPLETE
344,1.1039554868319514,2026-09-22 15:17:30.751510,2026-09-22 15:17:49.794439,0 days 00:00:19.042929,512,0.6988173878700824,0.0019822716104579414,2,320,1,"{""batch_size"": 512, ""dropout_rate"": 0.6988173878700824, ""learning_rate"": 0.0019822716104579414, ""num_layers"": 2, ""num_units"": 320, ""window_size"": 1}",COMPLETE
345,1.1295233804309903,2026-09-22 15:17:53.470038,2026-09-22 15:18:09.697539,0 days 00:00:16.227501,32,0.6621100124362143,0.003047898399792223,1,320,2,"{""batch_size"": 32, ""dropout_rate"": 0.6621100124362143, ""learning_rate"": 0.003047898399792223, ""num_layers"": 1, ""num_units"": 320, ""window_size"": 2}",COMPLETE
346,1.0953534971034435,2026-09-22 15:18:13.332835,2026-09-22 15:18:35.700143,0 days 00:00:22.367308,32,0.6995565179530356,0.000584202279147161,1,288,2,"{""batch_size"": 32, ""dropout_rate"": 0.6995565179530356, ""learning_rate"": 0.000584202279147161, ""num_layers"": 1, ""num_units"": 288, ""window_size"": 2}",COMPLETE
347,1.0853793858046121,2026-09-22 15:18:39.305276,2026-09-22 15:18:52.246395,0 days 00:00:12.941119,256,0.5418463231590143,0.004813877621055035,1,288,1,"{""batch_size"": 256, ""dropout_rate"": 0.5418463231590143, ""learning_rate"": 0.004813877621055035, ""num_layers"": 1, ""num_units"": 288, ""window_size"": 1}",COMPLETE
348,1.1018233197187854,2026-09-22 15:18:55.907642,2026-09-22 15:19:12.613624,0 days 00:00:16.705982,512,0.6693094915965087,0.0017742891645039008,1,256,1,"{""batch_size"": 512, ""dropout_rate"": 0.6693094915965087, ""learning_rate"": 0.0017742891645039008, ""num_layers"": 1, ""num_units"": 256, ""window_size"": 1}",COMPLETE
349,1.1600154069436837,2026-09-22 15:19:16.266344,2026-09-22 15:19:39.629788,0 days 00:00:23.363444,32,0.6532507177323172,0.0019426906924618044,2,224,2,"{""batch_size"": 32, ""dropout_rate"": 0.6532507177323172, ""learning_rate"": 0.0019426906924618044, ""num_layers"": 2, ""num_units"": 224, ""window_size"": 2}",COMPLETE
350,1.1504612236386544,2026-09-22 15:19:43.323154,2026-09-22 15:20:00.992513,0 days 00:00:17.669359,256,0.5734371171868732,0.003213185469606299,3,224,2,"{""batch_size"": 256, ""dropout_rate"": 0.5734371171868732, ""learning_rate"": 0.003213185469606299, ""num_layers"": 3, ""num_units"": 224, ""window_size"": 2}",COMPLETE
351,1.064657532813295,2026-09-22 15:20:04.733645,2026-09-22 15:20:25.961863,0 days 00:00:21.228218,32,0.6969442308392533,0.0011019905795103058,1,224,1,"{""batch_size"": 32, ""dropout_rate"": 0.6969442308392533, ""learning_rate"": 0.0011019905795103058, ""num_layers"": 1, ""num_units"": 224, ""window_size"": 1}",COMPLETE
352,1.1219017447882402,2026-09-22 15:20:29.662199,2026-09-22 15:20:43.610974,0 days 00:00:13.948775,128,0.6925251341740081,0.0009599943213275221,1,416,3,"{""batch_size"": 128, ""dropout_rate"": 0.6925251341740081, ""learning_rate"": 0.0009599943213275221, ""num_layers"": 1, ""num_units"": 416, ""window_size"": 3}",COMPLETE
353,1.1111492838000956,2026-09-22 15:20:47.316190,2026-09-22 15:21:00.871669,0 days 00:00:13.555479,128,0.6310627898054932,0.0014428940067021869,1,352,1,"{""batch_size"": 128, ""dropout_rate"": 0.6310627898054932, ""learning_rate"": 0.0014428940067021869, ""num_layers"": 1, ""num_units"": 352, ""window_size"": 1}",COMPLETE
354,1.1056915291556426,2026-09-22 15:21:04.669092,2026-09-22 15:21:20.115656,0 days 00:00:15.446564,256,0.6968919032106841,0.003445443007981219,1,96,1,"{""batch_size"": 256, ""dropout_rate"": 0.6968919032106841, ""learning_rate"": 0.003445443007981219, ""num_layers"": 1, ""num_units"": 96, ""window_size"": 1}",COMPLETE
355,1.1045567465657018,2026-09-22 15:21:23.869990,2026-09-22 15:21:43.347521,0 days 00:00:19.477531,32,0.6609124515859616,0.0005579970334004385,1,352,3,"{""batch_size"": 32, ""dropout_rate"": 0.6609124515859616, ""learning_rate"": 0.0005579970334004385, ""num_layers"": 1, ""num_units"": 352, ""window_size"": 3}",COMPLETE
356,1.1421531787388748,2026-09-22 15:21:47.037342,2026-09-22 15:22:02.406110,0 days 00:00:15.368768,256,0.6698329082114219,0.0063580609001523515,1,544,2,"{""batch_size"": 256, ""dropout_rate"": 0.6698329082114219, ""learning_rate"": 0.0063580609001523515, ""num_layers"": 1, ""num_units"": 544, ""window_size"": 2}",COMPLETE
357,1.056214143361659,2026-09-22 15:22:06.225457,2026-09-22 15:22:23.256785,0 days 00:00:17.031328,32,0.6149451174638845,0.0011245072499533194,1,320,1,"{""batch_size"": 32, ""dropout_rate"": 0.6149451174638845, ""learning_rate"": 0.0011245072499533194, ""num_layers"": 1, ""num_units"": 320, ""window_size"": 1}",COMPLETE
358,1.1158647997372522,2026-09-22 15:22:26.957097,2026-09-22 15:22:55.771389,0 days 00:00:28.814292,32,0.6017030997528697,0.0010496132888471107,3,288,1,"{""batch_size"": 32, ""dropout_rate"": 0.6017030997528697, ""learning_rate"": 0.0010496132888471107, ""num_layers"": 3, ""num_units"": 288, ""window_size"": 1}",COMPLETE
359,1.0697485861628866,2026-09-22 15:22:59.613719,2026-09-22 15:23:18.013668,0 days 00:00:18.399949,32,0.6279091301422857,0.0012295002192317184,1,288,1,"{""batch_size"": 32, ""dropout_rate"": 0.6279091301422857, ""learning_rate"": 0.0012295002192317184, ""num_layers"": 1, ""num_units"": 288, ""window_size"": 1}",COMPLETE
360,1.150823585073235,2026-09-22 15:23:21.896252,2026-09-22 15:23:40.678768,0 days 00:00:18.782516,32,0.5831385184207213,0.0009364352122942675,1,288,2,"{""batch_size"": 32, ""dropout_rate"": 0.5831385184207213, ""learning_rate"": 0.0009364352122942675, ""num_layers"": 1, ""num_units"": 288, ""window_size"": 2}",COMPLETE
361,1.0872907411083792,2026-09-22 15:23:44.466461,2026-09-22 15:23:58.400189,0 days 00:00:13.933728,128,0.6572989270309166,0.0012490686256524269,1,256,1,"{""batch_size"": 128, ""dropout_rate"": 0.6572989270309166, ""learning_rate"": 0.0012490686256524269, ""num_layers"": 1, ""num_units"": 256, ""window_size"": 1}",COMPLETE
362,1.1338443205519904,2026-09-22 15:24:02.239699,2026-09-22 15:24:18.519960,0 days 00:00:16.280261,32,0.5018364498227776,0.001457446397506294,2,384,1,"{""batch_size"": 32, ""dropout_rate"": 0.5018364498227776, ""learning_rate"": 0.001457446397506294, ""num_layers"": 2, ""num_units"": 384, ""window_size"": 1}",COMPLETE
363,1.0622192183891637,2026-09-22 15:24:22.348841,2026-09-22 15:24:36.858148,0 days 00:00:14.509307,256,0.452618402329789,0.002469411815546421,1,288,1,"{""batch_size"": 256, ""dropout_rate"": 0.452618402329789, ""learning_rate"": 0.002469411815546421, ""num_layers"": 1, ""num_units"": 288, ""window_size"": 1}",COMPLETE
364,1.090989837948296,2026-09-22 15:24:40.680528,2026-09-22 15:24:58.561035,0 days 00:00:17.880507,256,0.4678517984472375,0.0009962451960828,2,288,1,"{""batch_size"": 256, ""dropout_rate"": 0.4678517984472375, ""learning_rate"": 0.0009962451960828, ""num_layers"": 2, ""num_units"": 288, ""window_size"": 1}",COMPLETE
365,1.1172479329405127,2026-09-22 15:25:02.407420,2026-09-22 15:25:16.033999,0 days 00:00:13.626579,256,0.6987477969716581,0.0055002404211779085,1,288,1,"{""batch_size"": 256, ""dropout_rate"": 0.6987477969716581, ""learning_rate"": 0.0055002404211779085, ""num_layers"": 1, ""num_units"": 288, ""window_size"": 1}",COMPLETE
366,1.0777872501022843,2026-09-22 15:25:19.918067,2026-09-22 15:25:39.952282,0 days 00:00:20.034215,32,0.612254997904519,0.0011780633368666156,1,384,1,"{""batch_size"": 32, ""dropout_rate"": 0.612254997904519, ""learning_rate"": 0.0011780633368666156, ""num_layers"": 1, ""num_units"": 384, ""window_size"": 1}",COMPLETE
367,1.0648500059252188,2026-09-22 15:25:43.740204,2026-09-22 15:26:08.324539,0 days 00:00:24.584335,32,0.653184008001088,0.002161851828418838,2,352,1,"{""batch_size"": 32, ""dropout_rate"": 0.653184008001088, ""learning_rate"": 0.002161851828418838, ""num_layers"": 2, ""num_units"": 352, ""window_size"": 1}",COMPLETE
368,1.0791603583531841,2026-09-22 15:26:12.151113,2026-09-22 15:26:40.225420,0 days 00:00:28.074307,32,0.6259041180734837,0.002437522424486478,2,384,1,"{""batch_size"": 32, ""dropout_rate"": 0.6259041180734837, ""learning_rate"": 0.002437522424486478, ""num_layers"": 2, ""num_units"": 384, ""window_size"": 1}",COMPLETE
369,1.096464394412733,2026-09-22 15:26:44.160425,2026-09-22 15:27:04.083729,0 days 00:00:19.923304,32,0.6798031659169109,0.003329760374549365,2,384,1,"{""batch_size"": 32, ""dropout_rate"": 0.6798031659169109, ""learning_rate"": 0.003329760374549365, ""num_layers"": 2, ""num_units"": 384, ""window_size"": 1}",COMPLETE
370,1.2454712454258736,2026-09-22 15:27:08.106075,2026-09-22 15:27:26.565531,0 days 00:00:18.459456,32,0.6474074246257531,0.0011782212214329132,3,256,1,"{""batch_size"": 32, ""dropout_rate"": 0.6474074246257531, ""learning_rate"": 0.0011782212214329132, ""num_layers"": 3, ""num_units"": 256, ""window_size"": 1}",COMPLETE
371,1.078705138947603,2026-09-22 15:27:30.568460,2026-09-22 15:27:46.998904,0 days 00:00:16.430444,256,0.6411158078771103,0.00709179373114633,1,448,1,"{""batch_size"": 256, ""dropout_rate"": 0.6411158078771103, ""learning_rate"": 0.00709179373114633, ""num_layers"": 1, ""num_units"": 448, ""window_size"": 1}",COMPLETE
372,1.0773252352399545,2026-09-22 15:27:50.935020,2026-09-22 15:28:05.750682,0 days 00:00:14.815662,256,0.4401494096165005,0.002389325329663251,1,288,1,"{""batch_size"": 256, ""dropout_rate"": 0.4401494096165005, ""learning_rate"": 0.002389325329663251, ""num_layers"": 1, ""num_units"": 288, ""window_size"": 1}",COMPLETE
373,1.0712623689011347,2026-09-22 15:28:09.786772,2026-09-22 15:28:26.375447,0 days 00:00:16.588675,256,0.3890022762995057,0.0029100939855785683,1,320,1,"{""batch_size"": 256, ""dropout_rate"": 0.3890022762995057, ""learning_rate"": 0.0029100939855785683, ""num_layers"": 1, ""num_units"": 320, ""window_size"": 1}",COMPLETE
374,1.1088141998907914,2026-09-22 15:28:30.329527,2026-09-22 15:28:48.823759,0 days 00:00:18.494232,256,0.6626173231870502,0.004121560213185999,1,256,5,"{""batch_size"": 256, ""dropout_rate"": 0.6626173231870502, ""learning_rate"": 0.004121560213185999, ""num_layers"": 1, ""num_units"": 256, ""window_size"": 5}",COMPLETE
375,1.193488990555152,2026-09-22 15:28:52.718052,2026-09-22 15:29:10.328278,0 days 00:00:17.610226,256,0.571110396562965,0.001538661523078481,2,224,3,"{""batch_size"": 256, ""dropout_rate"": 0.571110396562965, ""learning_rate"": 0.001538661523078481, ""num_layers"": 2, ""num_units"": 224, ""window_size"": 3}",COMPLETE
376,1.1156522859830345,2026-09-22 15:29:14.406701,2026-09-22 15:29:32.910088,0 days 00:00:18.503387,32,0.6565780761702654,0.002425639316962388,1,256,4,"{""batch_size"": 32, ""dropout_rate"": 0.6565780761702654, ""learning_rate"": 0.002425639316962388, ""num_layers"": 1, ""num_units"": 256, ""window_size"": 4}",COMPLETE
377,1.0377174982218738,2026-09-22 15:29:36.896919,2026-09-22 15:29:57.991560,0 days 00:00:21.094641,32,0.6215570122724348,0.0006240146391470353,1,352,1,"{""batch_size"": 32, ""dropout_rate"": 0.6215570122724348, ""learning_rate"": 0.0006240146391470353, ""num_layers"": 1, ""num_units"": 352, ""window_size"": 1}",COMPLETE
378,1.2884939616123672,2026-09-22 15:30:01.972078,2026-09-22 15:30:22.648173,0 days 00:00:20.676095,256,0.6978781976907887,0.0003523459899703575,1,224,2,"{""batch_size"": 256, ""dropout_rate"": 0.6978781976907887, ""learning_rate"": 0.0003523459899703575, ""num_layers"": 1, ""num_units"": 224, ""window_size"": 2}",COMPLETE
379,1.1086743474552465,2026-09-22 15:30:26.676434,2026-09-22 15:30:51.026708,0 days 00:00:24.350274,32,0.6709758049545096,0.0006177151460142281,2,192,1,"{""batch_size"": 32, ""dropout_rate"": 0.6709758049545096, ""learning_rate"": 0.0006177151460142281, ""num_layers"": 2, ""num_units"": 192, ""window_size"": 1}",COMPLETE
380,1.1358569953676363,2026-09-22 15:30:55.145767,2026-09-22 15:31:10.821951,0 days 00:00:15.676184,32,0.6417110053905141,0.0032723811367951776,1,256,2,"{""batch_size"": 32, ""dropout_rate"": 0.6417110053905141, ""learning_rate"": 0.0032723811367951776, ""num_layers"": 1, ""num_units"": 256, ""window_size"": 2}",COMPLETE
381,1.2659156627490102,2026-09-22 15:31:14.829754,2026-09-22 15:31:34.104353,0 days 00:00:19.274599,32,0.6807918838556749,0.0010144207404227928,3,224,1,"{""batch_size"": 32, ""dropout_rate"": 0.6807918838556749, ""learning_rate"": 0.0010144207404227928, ""num_layers"": 3, ""num_units"": 224, ""window_size"": 1}",COMPLETE
382,1.1201497503327902,2026-09-22 15:31:38.093625,2026-09-22 15:31:59.290695,0 days 00:00:21.197070,32,0.6920792410024252,0.0019586425829829193,1,416,2,"{""batch_size"": 32, ""dropout_rate"": 0.6920792410024252, ""learning_rate"": 0.0019586425829829193, ""num_layers"": 1, ""num_units"": 416, ""window_size"": 2}",COMPLETE
383,1.08596335974706,2026-09-22 15:32:03.248217,2026-09-22 15:32:27.515462,0 days 00:00:24.267245,32,0.6566585898624842,0.0029449121132960024,2,320,1,"{""batch_size"": 32, ""dropout_rate"": 0.6566585898624842, ""learning_rate"": 0.0029449121132960024, ""num_layers"": 2, ""num_units"": 320, ""window_size"": 1}",COMPLETE
384,1.0483407528828967,2026-09-22 15:32:31.556159,2026-09-22 15:32:55.441227,0 days 00:00:23.885068,32,0.6231341775027842,0.00049045646815691,1,384,1,"{""batch_size"": 32, ""dropout_rate"": 0.6231341775027842, ""learning_rate"": 0.00049045646815691, ""num_layers"": 1, ""num_units"": 384, ""window_size"": 1}",COMPLETE
385,1.1390065340345557,2026-09-22 15:32:59.472649,2026-09-22 15:33:19.365269,0 days 00:00:19.892620,32,0.6191418510458143,0.00043664811874598276,1,384,2,"{""batch_size"": 32, ""dropout_rate"": 0.6191418510458143, ""learning_rate"": 0.00043664811874598276, ""num_layers"": 1, ""num_units"": 384, ""window_size"": 2}",COMPLETE
386,1.125415310390083,2026-09-22 15:33:23.399783,2026-09-22 15:33:42.639586,0 days 00:00:19.239803,32,0.5779741969383885,0.0011881259203021467,1,352,2,"{""batch_size"": 32, ""dropout_rate"": 0.5779741969383885, ""learning_rate"": 0.0011881259203021467, ""num_layers"": 1, ""num_units"": 352, ""window_size"": 2}",COMPLETE
387,1.0882755224065566,2026-09-22 15:33:46.666706,2026-09-22 15:34:04.137574,0 days 00:00:17.470868,32,0.5553157545724086,0.0017845585640823994,2,320,1,"{""batch_size"": 32, ""dropout_rate"": 0.5553157545724086, ""learning_rate"": 0.0017845585640823994, ""num_layers"": 2, ""num_units"": 320, ""window_size"": 1}",COMPLETE
388,1.2571477395878754,2026-09-22 15:34:08.213908,2026-09-22 15:34:24.982807,0 days 00:00:16.768899,256,0.6342101023873598,0.0036881999949954884,2,256,4,"{""batch_size"": 256, ""dropout_rate"": 0.6342101023873598, ""learning_rate"": 0.0036881999949954884, ""num_layers"": 2, ""num_units"": 256, ""window_size"": 4}",COMPLETE
389,1.1208930854435548,2026-09-22 15:34:29.125731,2026-09-22 15:34:46.565162,0 days 00:00:17.439431,256,0.6935094674174529,0.0025150540573619074,1,32,1,"{""batch_size"": 256, ""dropout_rate"": 0.6935094674174529, ""learning_rate"": 0.0025150540573619074, ""num_layers"": 1, ""num_units"": 32, ""window_size"": 1}",COMPLETE
390,1.082245351926207,2026-09-22 15:34:50.626609,2026-09-22 15:35:12.704216,0 days 00:00:22.077607,32,0.6790232477440292,0.0005120242214117381,1,416,1,"{""batch_size"": 32, ""dropout_rate"": 0.6790232477440292, ""learning_rate"": 0.0005120242214117381, ""num_layers"": 1, ""num_units"": 416, ""window_size"": 1}",COMPLETE
391,1.0515840298871197,2026-09-22 15:35:16.837209,2026-09-22 15:35:43.649238,0 days 00:00:26.812029,32,0.6346854943633038,0.0009446951983431969,2,352,1,"{""batch_size"": 32, ""dropout_rate"": 0.6346854943633038, ""learning_rate"": 0.0009446951983431969, ""num_layers"": 2, ""num_units"": 352, ""window_size"": 1}",COMPLETE
392,1.0589680674157782,2026-09-22 15:35:47.762272,2026-09-22 15:36:06.114911,0 days 00:00:18.352639,32,0.6226226051717008,0.0006943114436868697,1,320,1,"{""batch_size"": 32, ""dropout_rate"": 0.6226226051717008, ""learning_rate"": 0.0006943114436868697, ""num_layers"": 1, ""num_units"": 320, ""window_size"": 1}",COMPLETE
393,1.2261232821196584,2026-09-22 15:36:10.197070,2026-09-22 15:36:35.196299,0 days 00:00:24.999229,32,0.6246930184810257,0.0010388821828059935,2,352,3,"{""batch_size"": 32, ""dropout_rate"": 0.6246930184810257, ""learning_rate"": 0.0010388821828059935, ""num_layers"": 2, ""num_units"": 352, ""window_size"": 3}",COMPLETE
394,1.118466335298687,2026-09-22 15:36:39.317525,2026-09-22 15:37:02.232395,0 days 00:00:22.914870,32,0.6613424571547437,0.0017162548834949065,2,384,1,"{""batch_size"": 32, ""dropout_rate"": 0.6613424571547437, ""learning_rate"": 0.0017162548834949065, ""num_layers"": 2, ""num_units"": 384, ""window_size"": 1}",COMPLETE
395,1.091845345730954,2026-09-22 15:37:06.414415,2026-09-22 15:37:21.070771,0 days 00:00:14.656356,256,0.607156393070271,0.006897043467085364,1,224,1,"{""batch_size"": 256, ""dropout_rate"": 0.607156393070271, ""learning_rate"": 0.006897043467085364, ""num_layers"": 1, ""num_units"": 224, ""window_size"": 1}",COMPLETE
396,1.1624503964749793,2026-09-22 15:37:25.241773,2026-09-22 15:37:46.394707,0 days 00:00:21.152934,32,0.6168600149667861,0.0008606108000940766,2,256,2,"{""batch_size"": 32, ""dropout_rate"": 0.6168600149667861, ""learning_rate"": 0.0008606108000940766, ""num_layers"": 2, ""num_units"": 256, ""window_size"": 2}",COMPLETE
397,1.1341460056546036,2026-09-22 15:37:50.582734,2026-09-22 15:38:07.778739,0 days 00:00:17.196005,32,0.6277268524310797,0.000910479164508187,2,352,1,"{""batch_size"": 32, ""dropout_rate"": 0.6277268524310797, ""learning_rate"": 0.000910479164508187, ""num_layers"": 2, ""num_units"": 352, ""window_size"": 1}",COMPLETE
398,1.0694834115054774,2026-09-22 15:38:11.913380,2026-09-22 15:38:37.211164,0 days 00:00:25.297784,32,0.5805696133404797,0.00043290918699584235,1,416,1,"{""batch_size"": 32, ""dropout_rate"": 0.5805696133404797, ""learning_rate"": 0.00043290918699584235, ""num_layers"": 1, ""num_units"": 416, ""window_size"": 1}",COMPLETE
399,1.1081586658949631,2026-09-22 15:38:41.424048,2026-09-22 15:39:05.044682,0 days 00:00:23.620634,32,0.6183843303139739,0.00039397999046305655,1,288,1,"{""batch_size"": 32, ""dropout_rate"": 0.6183843303139739, ""learning_rate"": 0.00039397999046305655, ""num_layers"": 1, ""num_units"": 288, ""window_size"": 1}",COMPLETE
