feature,label,group,historical_window,known_at_forecast_origin,relative_to_origin,submitted_pipeline_uses_future_obs,revised_pipeline_uses_future_obs
max_pressure,Max pressure,local_met,day t,yes (00:00 local time after day t closes),before or at the origin,only through bidirectional interpolation of gaps in its source variable,no (forward fill only)
max_humidity,Max humidity,local_met,day t,yes (00:00 local time after day t closes),before or at the origin,only through bidirectional interpolation of gaps in its source variable,no (forward fill only)
max_wind_speed,Şarköy max wind speed,local_raw_wind,day t,yes (00:00 local time after day t closes),before or at the origin,only through bidirectional interpolation of gaps in its source variable,no (forward fill only)
max_temperature,Max temperature,local_met,day t,yes (00:00 local time after day t closes),before or at the origin,only through bidirectional interpolation of gaps in its source variable,no (forward fill only)
min_pressure,Min pressure,local_met,day t,yes (00:00 local time after day t closes),before or at the origin,only through bidirectional interpolation of gaps in its source variable,no (forward fill only)
min_humidity,Min humidity,local_met,day t,yes (00:00 local time after day t closes),before or at the origin,only through bidirectional interpolation of gaps in its source variable,no (forward fill only)
min_temperature,Min temperature,local_met,day t,yes (00:00 local time after day t closes),before or at the origin,only through bidirectional interpolation of gaps in its source variable,no (forward fill only)
mean_pressure,Mean pressure,local_met,day t,yes (00:00 local time after day t closes),before or at the origin,only through bidirectional interpolation of gaps in its source variable,no (forward fill only)
mean_wind_speed,Şarköy mean wind speed,local_raw_wind,day t,yes (00:00 local time after day t closes),before or at the origin,only through bidirectional interpolation of gaps in its source variable,no (forward fill only)
mean_temperature,Mean temperature,local_met,day t,yes (00:00 local time after day t closes),before or at the origin,only through bidirectional interpolation of gaps in its source variable,no (forward fill only)
total_precipitation,Total precipitation,local_met,day t,yes (00:00 local time after day t closes),before or at the origin,only through bidirectional interpolation of gaps in its source variable,no (forward fill only)
max_humidity_at_ganos,Max humidity at ganos,ganos,day t,yes (00:00 local time after day t closes),before or at the origin,only through bidirectional interpolation of gaps in its source variable,no (forward fill only)
max_temperature_at_ganos,Max temperature at ganos,ganos,day t,yes (00:00 local time after day t closes),before or at the origin,only through bidirectional interpolation of gaps in its source variable,no (forward fill only)
min_humidity_at_ganos,Min humidity at ganos,ganos,day t,yes (00:00 local time after day t closes),before or at the origin,only through bidirectional interpolation of gaps in its source variable,no (forward fill only)
min_temperature_at_ganos,Min temperature at ganos,ganos,day t,yes (00:00 local time after day t closes),before or at the origin,only through bidirectional interpolation of gaps in its source variable,no (forward fill only)
mean_humidity_at_ganos,Mean humidity at ganos,ganos,day t,yes (00:00 local time after day t closes),before or at the origin,only through bidirectional interpolation of gaps in its source variable,no (forward fill only)
mean_temperature_at_ganos,Mean temperature at ganos,ganos,day t,yes (00:00 local time after day t closes),before or at the origin,only through bidirectional interpolation of gaps in its source variable,no (forward fill only)
total_precipitation_at_ganos,Total precipitation at ganos,ganos,day t,yes (00:00 local time after day t closes),before or at the origin,only through bidirectional interpolation of gaps in its source variable,no (forward fill only)
max_wind_speed_horizontal,Şarköy max u,local_raw_wind,day t,yes (00:00 local time after day t closes),before or at the origin,only through bidirectional interpolation of gaps in its source variable,no (forward fill only)
max_wind_speed_vertical,Şarköy max v,local_raw_wind,day t,yes (00:00 local time after day t closes),before or at the origin,only through bidirectional interpolation of gaps in its source variable,no (forward fill only)
mean_wind_speed_horizontal,Şarköy mean u,local_raw_wind,day t,yes (00:00 local time after day t closes),before or at the origin,only through bidirectional interpolation of gaps in its source variable,no (forward fill only)
mean_wind_speed_vertical,Şarköy mean v,local_raw_wind,day t,yes (00:00 local time after day t closes),before or at the origin,only through bidirectional interpolation of gaps in its source variable,no (forward fill only)
max_speed_cerkezkoy_horizontal,Çerkezköy max u,neighbour_raw:cerkezkoy,day t,yes (00:00 local time after day t closes),before or at the origin,only through bidirectional interpolation of gaps in its source variable,no (forward fill only)
max_speed_cerkezkoy_vertical,Çerkezköy max v,neighbour_raw:cerkezkoy,day t,yes (00:00 local time after day t closes),before or at the origin,only through bidirectional interpolation of gaps in its source variable,no (forward fill only)
mean_speed_cerkezkoy_horizontal,Çerkezköy mean u,neighbour_raw:cerkezkoy,day t,yes (00:00 local time after day t closes),before or at the origin,only through bidirectional interpolation of gaps in its source variable,no (forward fill only)
mean_speed_cerkezkoy_vertical,Çerkezköy mean v,neighbour_raw:cerkezkoy,day t,yes (00:00 local time after day t closes),before or at the origin,only through bidirectional interpolation of gaps in its source variable,no (forward fill only)
max_speed_meric_horizontal,Meriç max u,neighbour_raw:meric,day t,yes (00:00 local time after day t closes),before or at the origin,only through bidirectional interpolation of gaps in its source variable,no (forward fill only)
max_speed_meric_vertical,Meriç max v,neighbour_raw:meric,day t,yes (00:00 local time after day t closes),before or at the origin,only through bidirectional interpolation of gaps in its source variable,no (forward fill only)
mean_speed_meric_horizontal,Meriç mean u,neighbour_raw:meric,day t,yes (00:00 local time after day t closes),before or at the origin,only through bidirectional interpolation of gaps in its source variable,no (forward fill only)
mean_speed_meric_vertical,Meriç mean v,neighbour_raw:meric,day t,yes (00:00 local time after day t closes),before or at the origin,only through bidirectional interpolation of gaps in its source variable,no (forward fill only)
max_speed_muratli_horizontal,Muratlı max u,neighbour_raw:muratli,day t,yes (00:00 local time after day t closes),before or at the origin,only through bidirectional interpolation of gaps in its source variable,no (forward fill only)
max_speed_muratli_vertical,Muratlı max v,neighbour_raw:muratli,day t,yes (00:00 local time after day t closes),before or at the origin,only through bidirectional interpolation of gaps in its source variable,no (forward fill only)
mean_speed_muratli_horizontal,Muratlı mean u,neighbour_raw:muratli,day t,yes (00:00 local time after day t closes),before or at the origin,only through bidirectional interpolation of gaps in its source variable,no (forward fill only)
mean_speed_muratli_vertical,Muratlı mean v,neighbour_raw:muratli,day t,yes (00:00 local time after day t closes),before or at the origin,only through bidirectional interpolation of gaps in its source variable,no (forward fill only)
max_speed_kesan_horizontal,Keşan max u,neighbour_raw:kesan,day t,yes (00:00 local time after day t closes),before or at the origin,only through bidirectional interpolation of gaps in its source variable,no (forward fill only)
max_speed_kesan_vertical,Keşan max v,neighbour_raw:kesan,day t,yes (00:00 local time after day t closes),before or at the origin,only through bidirectional interpolation of gaps in its source variable,no (forward fill only)
mean_speed_kesan_horizontal,Keşan mean u,neighbour_raw:kesan,day t,yes (00:00 local time after day t closes),before or at the origin,only through bidirectional interpolation of gaps in its source variable,no (forward fill only)
mean_speed_kesan_vertical,Keşan mean v,neighbour_raw:kesan,day t,yes (00:00 local time after day t closes),before or at the origin,only through bidirectional interpolation of gaps in its source variable,no (forward fill only)
max_speed_ipsala_horizontal,İpsala max u,neighbour_raw:ipsala,day t,yes (00:00 local time after day t closes),before or at the origin,only through bidirectional interpolation of gaps in its source variable,no (forward fill only)
max_speed_ipsala_vertical,İpsala max v,neighbour_raw:ipsala,day t,yes (00:00 local time after day t closes),before or at the origin,only through bidirectional interpolation of gaps in its source variable,no (forward fill only)
mean_speed_ipsala_horizontal,İpsala mean u,neighbour_raw:ipsala,day t,yes (00:00 local time after day t closes),before or at the origin,only through bidirectional interpolation of gaps in its source variable,no (forward fill only)
mean_speed_ipsala_vertical,İpsala mean v,neighbour_raw:ipsala,day t,yes (00:00 local time after day t closes),before or at the origin,only through bidirectional interpolation of gaps in its source variable,no (forward fill only)
max_speed_enez_horizontal,Enez max u,neighbour_raw:enez,day t,yes (00:00 local time after day t closes),before or at the origin,only through bidirectional interpolation of gaps in its source variable,no (forward fill only)
max_speed_enez_vertical,Enez max v,neighbour_raw:enez,day t,yes (00:00 local time after day t closes),before or at the origin,only through bidirectional interpolation of gaps in its source variable,no (forward fill only)
mean_speed_enez_horizontal,Enez mean u,neighbour_raw:enez,day t,yes (00:00 local time after day t closes),before or at the origin,only through bidirectional interpolation of gaps in its source variable,no (forward fill only)
mean_speed_enez_vertical,Enez mean v,neighbour_raw:enez,day t,yes (00:00 local time after day t closes),before or at the origin,only through bidirectional interpolation of gaps in its source variable,no (forward fill only)
max_speed_malkara_horizontal,Malkara max u,neighbour_raw:malkara,day t,yes (00:00 local time after day t closes),before or at the origin,only through bidirectional interpolation of gaps in its source variable,no (forward fill only)
max_speed_malkara_vertical,Malkara max v,neighbour_raw:malkara,day t,yes (00:00 local time after day t closes),before or at the origin,only through bidirectional interpolation of gaps in its source variable,no (forward fill only)
mean_speed_malkara_horizontal,Malkara mean u,neighbour_raw:malkara,day t,yes (00:00 local time after day t closes),before or at the origin,only through bidirectional interpolation of gaps in its source variable,no (forward fill only)
mean_speed_malkara_vertical,Malkara mean v,neighbour_raw:malkara,day t,yes (00:00 local time after day t closes),before or at the origin,only through bidirectional interpolation of gaps in its source variable,no (forward fill only)
max_speed_edirne_horizontal,Edirne max u,neighbour_raw:edirne,day t,yes (00:00 local time after day t closes),before or at the origin,only through bidirectional interpolation of gaps in its source variable,no (forward fill only)
max_speed_edirne_vertical,Edirne max v,neighbour_raw:edirne,day t,yes (00:00 local time after day t closes),before or at the origin,only through bidirectional interpolation of gaps in its source variable,no (forward fill only)
mean_speed_edirne_horizontal,Edirne mean u,neighbour_raw:edirne,day t,yes (00:00 local time after day t closes),before or at the origin,only through bidirectional interpolation of gaps in its source variable,no (forward fill only)
mean_speed_edirne_vertical,Edirne mean v,neighbour_raw:edirne,day t,yes (00:00 local time after day t closes),before or at the origin,only through bidirectional interpolation of gaps in its source variable,no (forward fill only)
max_speed_tekirdag_horizontal,Tekirdağ max u,neighbour_raw:tekirdag,day t,yes (00:00 local time after day t closes),before or at the origin,only through bidirectional interpolation of gaps in its source variable,no (forward fill only)
max_speed_tekirdag_vertical,Tekirdağ max v,neighbour_raw:tekirdag,day t,yes (00:00 local time after day t closes),before or at the origin,only through bidirectional interpolation of gaps in its source variable,no (forward fill only)
mean_speed_tekirdag_horizontal,Tekirdağ mean u,neighbour_raw:tekirdag,day t,yes (00:00 local time after day t closes),before or at the origin,only through bidirectional interpolation of gaps in its source variable,no (forward fill only)
mean_speed_tekirdag_vertical,Tekirdağ mean v,neighbour_raw:tekirdag,day t,yes (00:00 local time after day t closes),before or at the origin,only through bidirectional interpolation of gaps in its source variable,no (forward fill only)
max_speed_uzunkopru_horizontal,Uzunköprü max u,neighbour_raw:uzunkopru,day t,yes (00:00 local time after day t closes),before or at the origin,only through bidirectional interpolation of gaps in its source variable,no (forward fill only)
max_speed_uzunkopru_vertical,Uzunköprü max v,neighbour_raw:uzunkopru,day t,yes (00:00 local time after day t closes),before or at the origin,only through bidirectional interpolation of gaps in its source variable,no (forward fill only)
mean_speed_uzunkopru_horizontal,Uzunköprü mean u,neighbour_raw:uzunkopru,day t,yes (00:00 local time after day t closes),before or at the origin,only through bidirectional interpolation of gaps in its source variable,no (forward fill only)
mean_speed_uzunkopru_vertical,Uzunköprü mean v,neighbour_raw:uzunkopru,day t,yes (00:00 local time after day t closes),before or at the origin,only through bidirectional interpolation of gaps in its source variable,no (forward fill only)
max_speed_saray_horizontal,Saray max u,neighbour_raw:saray,day t,yes (00:00 local time after day t closes),before or at the origin,only through bidirectional interpolation of gaps in its source variable,no (forward fill only)
max_speed_saray_vertical,Saray max v,neighbour_raw:saray,day t,yes (00:00 local time after day t closes),before or at the origin,only through bidirectional interpolation of gaps in its source variable,no (forward fill only)
mean_speed_saray_horizontal,Saray mean u,neighbour_raw:saray,day t,yes (00:00 local time after day t closes),before or at the origin,only through bidirectional interpolation of gaps in its source variable,no (forward fill only)
mean_speed_saray_vertical,Saray mean v,neighbour_raw:saray,day t,yes (00:00 local time after day t closes),before or at the origin,only through bidirectional interpolation of gaps in its source variable,no (forward fill only)
max_speed_havsa_horizontal,Havsa max u,neighbour_raw:havsa,day t,yes (00:00 local time after day t closes),before or at the origin,only through bidirectional interpolation of gaps in its source variable,no (forward fill only)
max_speed_havsa_vertical,Havsa max v,neighbour_raw:havsa,day t,yes (00:00 local time after day t closes),before or at the origin,only through bidirectional interpolation of gaps in its source variable,no (forward fill only)
mean_speed_havsa_horizontal,Havsa mean u,neighbour_raw:havsa,day t,yes (00:00 local time after day t closes),before or at the origin,only through bidirectional interpolation of gaps in its source variable,no (forward fill only)
mean_speed_havsa_vertical,Havsa mean v,neighbour_raw:havsa,day t,yes (00:00 local time after day t closes),before or at the origin,only through bidirectional interpolation of gaps in its source variable,no (forward fill only)
max_speed_hayrabolu_horizontal,Hayrabolu max u,neighbour_raw:hayrabolu,day t,yes (00:00 local time after day t closes),before or at the origin,only through bidirectional interpolation of gaps in its source variable,no (forward fill only)
max_speed_hayrabolu_vertical,Hayrabolu max v,neighbour_raw:hayrabolu,day t,yes (00:00 local time after day t closes),before or at the origin,only through bidirectional interpolation of gaps in its source variable,no (forward fill only)
mean_speed_hayrabolu_horizontal,Hayrabolu mean u,neighbour_raw:hayrabolu,day t,yes (00:00 local time after day t closes),before or at the origin,only through bidirectional interpolation of gaps in its source variable,no (forward fill only)
mean_speed_hayrabolu_vertical,Hayrabolu mean v,neighbour_raw:hayrabolu,day t,yes (00:00 local time after day t closes),before or at the origin,only through bidirectional interpolation of gaps in its source variable,no (forward fill only)
max_speed_lalapasa_horizontal,Lalapaşa max u,neighbour_raw:lalapasa,day t,yes (00:00 local time after day t closes),before or at the origin,only through bidirectional interpolation of gaps in its source variable,no (forward fill only)
max_speed_lalapasa_vertical,Lalapaşa max v,neighbour_raw:lalapasa,day t,yes (00:00 local time after day t closes),before or at the origin,only through bidirectional interpolation of gaps in its source variable,no (forward fill only)
mean_speed_lalapasa_horizontal,Lalapaşa mean u,neighbour_raw:lalapasa,day t,yes (00:00 local time after day t closes),before or at the origin,only through bidirectional interpolation of gaps in its source variable,no (forward fill only)
mean_speed_lalapasa_vertical,Lalapaşa mean v,neighbour_raw:lalapasa,day t,yes (00:00 local time after day t closes),before or at the origin,only through bidirectional interpolation of gaps in its source variable,no (forward fill only)
max_speed_corlu_horizontal,Çorlu max u,neighbour_raw:corlu,day t,yes (00:00 local time after day t closes),before or at the origin,only through bidirectional interpolation of gaps in its source variable,no (forward fill only)
max_speed_corlu_vertical,Çorlu max v,neighbour_raw:corlu,day t,yes (00:00 local time after day t closes),before or at the origin,only through bidirectional interpolation of gaps in its source variable,no (forward fill only)
mean_speed_corlu_horizontal,Çorlu mean u,neighbour_raw:corlu,day t,yes (00:00 local time after day t closes),before or at the origin,only through bidirectional interpolation of gaps in its source variable,no (forward fill only)
mean_speed_corlu_vertical,Çorlu mean v,neighbour_raw:corlu,day t,yes (00:00 local time after day t closes),before or at the origin,only through bidirectional interpolation of gaps in its source variable,no (forward fill only)
max_speed_marmara_horizontal,Marmara Ereğlisi max u,neighbour_raw:marmara,day t,yes (00:00 local time after day t closes),before or at the origin,only through bidirectional interpolation of gaps in its source variable,no (forward fill only)
max_speed_marmara_vertical,Marmara Ereğlisi max v,neighbour_raw:marmara,day t,yes (00:00 local time after day t closes),before or at the origin,only through bidirectional interpolation of gaps in its source variable,no (forward fill only)
mean_speed_marmara_horizontal,Marmara Ereğlisi mean u,neighbour_raw:marmara,day t,yes (00:00 local time after day t closes),before or at the origin,only through bidirectional interpolation of gaps in its source variable,no (forward fill only)
mean_speed_marmara_vertical,Marmara Ereğlisi mean v,neighbour_raw:marmara,day t,yes (00:00 local time after day t closes),before or at the origin,only through bidirectional interpolation of gaps in its source variable,no (forward fill only)
max_wind_angle_sin,Max wind angle sin,local_wind_eng,day t,yes (00:00 local time after day t closes),before or at the origin,only through bidirectional interpolation of gaps in its source variable,no (forward fill only)
max_wind_angle_cos,Max wind angle cos,local_wind_eng,day t,yes (00:00 local time after day t closes),before or at the origin,only through bidirectional interpolation of gaps in its source variable,no (forward fill only)
mean_wind_angle_sin,Mean wind angle sin,local_wind_eng,day t,yes (00:00 local time after day t closes),before or at the origin,only through bidirectional interpolation of gaps in its source variable,no (forward fill only)
mean_wind_angle_cos,Mean wind angle cos,local_wind_eng,day t,yes (00:00 local time after day t closes),before or at the origin,only through bidirectional interpolation of gaps in its source variable,no (forward fill only)
mid_wind_speed,Şarköy mid wind speed,local_wind_eng,day t,yes (00:00 local time after day t closes),before or at the origin,only through bidirectional interpolation of gaps in its source variable,no (forward fill only)
lag_1_mean_temperature,Mean temperature (t−1),local_met,day t−1,yes (00:00 local time after day t closes),before or at the origin,only through bidirectional interpolation of gaps in its source variable,no (forward fill only)
lag_2_mean_temperature,Mean temperature (t−2),local_met,day t−2,yes (00:00 local time after day t closes),before or at the origin,only through bidirectional interpolation of gaps in its source variable,no (forward fill only)
lag_1_min_temperature,Min temperature (t−1),local_met,day t−1,yes (00:00 local time after day t closes),before or at the origin,only through bidirectional interpolation of gaps in its source variable,no (forward fill only)
lag_2_min_temperature,Min temperature (t−2),local_met,day t−2,yes (00:00 local time after day t closes),before or at the origin,only through bidirectional interpolation of gaps in its source variable,no (forward fill only)
lag_1_max_temperature,Max temperature (t−1),local_met,day t−1,yes (00:00 local time after day t closes),before or at the origin,only through bidirectional interpolation of gaps in its source variable,no (forward fill only)
lag_2_max_temperature,Max temperature (t−2),local_met,day t−2,yes (00:00 local time after day t closes),before or at the origin,only through bidirectional interpolation of gaps in its source variable,no (forward fill only)
lag_1_mean_humidity,Mean humidity (t−1),local_met,day t−1,yes (00:00 local time after day t closes),before or at the origin,only through bidirectional interpolation of gaps in its source variable,no (forward fill only)
lag_2_mean_humidity,Mean humidity (t−2),local_met,day t−2,yes (00:00 local time after day t closes),before or at the origin,only through bidirectional interpolation of gaps in its source variable,no (forward fill only)
lag_1_min_humidity,Min humidity (t−1),local_met,day t−1,yes (00:00 local time after day t closes),before or at the origin,only through bidirectional interpolation of gaps in its source variable,no (forward fill only)
lag_2_min_humidity,Min humidity (t−2),local_met,day t−2,yes (00:00 local time after day t closes),before or at the origin,only through bidirectional interpolation of gaps in its source variable,no (forward fill only)
lag_1_max_humidity,Max humidity (t−1),local_met,day t−1,yes (00:00 local time after day t closes),before or at the origin,only through bidirectional interpolation of gaps in its source variable,no (forward fill only)
lag_2_max_humidity,Max humidity (t−2),local_met,day t−2,yes (00:00 local time after day t closes),before or at the origin,only through bidirectional interpolation of gaps in its source variable,no (forward fill only)
lag_1_mean_pressure,Mean pressure (t−1),local_met,day t−1,yes (00:00 local time after day t closes),before or at the origin,only through bidirectional interpolation of gaps in its source variable,no (forward fill only)
lag_2_mean_pressure,Mean pressure (t−2),local_met,day t−2,yes (00:00 local time after day t closes),before or at the origin,only through bidirectional interpolation of gaps in its source variable,no (forward fill only)
lag_1_min_pressure,Min pressure (t−1),local_met,day t−1,yes (00:00 local time after day t closes),before or at the origin,only through bidirectional interpolation of gaps in its source variable,no (forward fill only)
lag_2_min_pressure,Min pressure (t−2),local_met,day t−2,yes (00:00 local time after day t closes),before or at the origin,only through bidirectional interpolation of gaps in its source variable,no (forward fill only)
lag_1_max_pressure,Max pressure (t−1),local_met,day t−1,yes (00:00 local time after day t closes),before or at the origin,only through bidirectional interpolation of gaps in its source variable,no (forward fill only)
lag_2_max_pressure,Max pressure (t−2),local_met,day t−2,yes (00:00 local time after day t closes),before or at the origin,only through bidirectional interpolation of gaps in its source variable,no (forward fill only)
lag_1_total_precipitation,Total precipitation (t−1),local_met,day t−1,yes (00:00 local time after day t closes),before or at the origin,only through bidirectional interpolation of gaps in its source variable,no (forward fill only)
lag_2_total_precipitation,Total precipitation (t−2),local_met,day t−2,yes (00:00 local time after day t closes),before or at the origin,only through bidirectional interpolation of gaps in its source variable,no (forward fill only)
lag_1_mean_wind_speed,Şarköy mean wind speed (t−1),local_raw_wind,day t−1,yes (00:00 local time after day t closes),before or at the origin,only through bidirectional interpolation of gaps in its source variable,no (forward fill only)
lag_2_mean_wind_speed,Şarköy mean wind speed (t−2),local_raw_wind,day t−2,yes (00:00 local time after day t closes),before or at the origin,only through bidirectional interpolation of gaps in its source variable,no (forward fill only)
lag_1_max_wind_speed,Şarköy max wind speed (t−1),local_raw_wind,day t−1,yes (00:00 local time after day t closes),before or at the origin,only through bidirectional interpolation of gaps in its source variable,no (forward fill only)
lag_2_max_wind_speed,Şarköy max wind speed (t−2),local_raw_wind,day t−2,yes (00:00 local time after day t closes),before or at the origin,only through bidirectional interpolation of gaps in its source variable,no (forward fill only)
lag_1_mean_wind_speed_horizontal,Şarköy mean u (t−1),local_raw_wind,day t−1,yes (00:00 local time after day t closes),before or at the origin,only through bidirectional interpolation of gaps in its source variable,no (forward fill only)
lag_2_mean_wind_speed_horizontal,Şarköy mean u (t−2),local_raw_wind,day t−2,yes (00:00 local time after day t closes),before or at the origin,only through bidirectional interpolation of gaps in its source variable,no (forward fill only)
lag_1_mean_wind_speed_vertical,Şarköy mean v (t−1),local_raw_wind,day t−1,yes (00:00 local time after day t closes),before or at the origin,only through bidirectional interpolation of gaps in its source variable,no (forward fill only)
lag_2_mean_wind_speed_vertical,Şarköy mean v (t−2),local_raw_wind,day t−2,yes (00:00 local time after day t closes),before or at the origin,only through bidirectional interpolation of gaps in its source variable,no (forward fill only)
lag_1_max_wind_speed_horizontal,Şarköy max u (t−1),local_raw_wind,day t−1,yes (00:00 local time after day t closes),before or at the origin,only through bidirectional interpolation of gaps in its source variable,no (forward fill only)
lag_2_max_wind_speed_horizontal,Şarköy max u (t−2),local_raw_wind,day t−2,yes (00:00 local time after day t closes),before or at the origin,only through bidirectional interpolation of gaps in its source variable,no (forward fill only)
lag_1_max_wind_speed_vertical,Şarköy max v (t−1),local_raw_wind,day t−1,yes (00:00 local time after day t closes),before or at the origin,only through bidirectional interpolation of gaps in its source variable,no (forward fill only)
lag_2_max_wind_speed_vertical,Şarköy max v (t−2),local_raw_wind,day t−2,yes (00:00 local time after day t closes),before or at the origin,only through bidirectional interpolation of gaps in its source variable,no (forward fill only)
lag_1_mid_wind_speed,Şarköy mid wind speed (t−1),local_wind_eng,day t−1,yes (00:00 local time after day t closes),before or at the origin,only through bidirectional interpolation of gaps in its source variable,no (forward fill only)
lag_2_mid_wind_speed,Şarköy mid wind speed (t−2),local_wind_eng,day t−2,yes (00:00 local time after day t closes),before or at the origin,only through bidirectional interpolation of gaps in its source variable,no (forward fill only)
lag_1_mean_temperature_at_ganos,Mean temperature at ganos (t−1),ganos,day t−1,yes (00:00 local time after day t closes),before or at the origin,only through bidirectional interpolation of gaps in its source variable,no (forward fill only)
lag_2_mean_temperature_at_ganos,Mean temperature at ganos (t−2),ganos,day t−2,yes (00:00 local time after day t closes),before or at the origin,only through bidirectional interpolation of gaps in its source variable,no (forward fill only)
lag_1_max_temperature_at_ganos,Max temperature at ganos (t−1),ganos,day t−1,yes (00:00 local time after day t closes),before or at the origin,only through bidirectional interpolation of gaps in its source variable,no (forward fill only)
lag_2_max_temperature_at_ganos,Max temperature at ganos (t−2),ganos,day t−2,yes (00:00 local time after day t closes),before or at the origin,only through bidirectional interpolation of gaps in its source variable,no (forward fill only)
lag_1_min_temperature_at_ganos,Min temperature at ganos (t−1),ganos,day t−1,yes (00:00 local time after day t closes),before or at the origin,only through bidirectional interpolation of gaps in its source variable,no (forward fill only)
lag_2_min_temperature_at_ganos,Min temperature at ganos (t−2),ganos,day t−2,yes (00:00 local time after day t closes),before or at the origin,only through bidirectional interpolation of gaps in its source variable,no (forward fill only)
lag_1_mean_humidity_at_ganos,Mean humidity at ganos (t−1),ganos,day t−1,yes (00:00 local time after day t closes),before or at the origin,only through bidirectional interpolation of gaps in its source variable,no (forward fill only)
lag_2_mean_humidity_at_ganos,Mean humidity at ganos (t−2),ganos,day t−2,yes (00:00 local time after day t closes),before or at the origin,only through bidirectional interpolation of gaps in its source variable,no (forward fill only)
lag_1_max_humidity_at_ganos,Max humidity at ganos (t−1),ganos,day t−1,yes (00:00 local time after day t closes),before or at the origin,only through bidirectional interpolation of gaps in its source variable,no (forward fill only)
lag_2_max_humidity_at_ganos,Max humidity at ganos (t−2),ganos,day t−2,yes (00:00 local time after day t closes),before or at the origin,only through bidirectional interpolation of gaps in its source variable,no (forward fill only)
lag_1_min_humidity_at_ganos,Min humidity at ganos (t−1),ganos,day t−1,yes (00:00 local time after day t closes),before or at the origin,only through bidirectional interpolation of gaps in its source variable,no (forward fill only)
lag_2_min_humidity_at_ganos,Min humidity at ganos (t−2),ganos,day t−2,yes (00:00 local time after day t closes),before or at the origin,only through bidirectional interpolation of gaps in its source variable,no (forward fill only)
lag_1_total_precipitation_at_ganos,Total precipitation at ganos (t−1),ganos,day t−1,yes (00:00 local time after day t closes),before or at the origin,only through bidirectional interpolation of gaps in its source variable,no (forward fill only)
lag_2_total_precipitation_at_ganos,Total precipitation at ganos (t−2),ganos,day t−2,yes (00:00 local time after day t closes),before or at the origin,only through bidirectional interpolation of gaps in its source variable,no (forward fill only)
day_of_week,Day of week,calendar,calendar date of day t+1 (deterministic),yes (00:00 local time after day t closes),"deterministic, known in advance",no,no (forward fill only)
day_of_year_sin,Day of year sin,calendar,calendar date of day t+1 (deterministic),yes (00:00 local time after day t closes),"deterministic, known in advance",no,no (forward fill only)
day_of_year_cos,Day of year cos,calendar,calendar date of day t+1 (deterministic),yes (00:00 local time after day t closes),"deterministic, known in advance",no,no (forward fill only)
season_custom,Season custom,calendar,calendar date of day t+1 (deterministic),yes (00:00 local time after day t closes),"deterministic, known in advance",no,no (forward fill only)
season_custom_sin,Season custom sin,calendar,calendar date of day t+1 (deterministic),yes (00:00 local time after day t closes),"deterministic, known in advance",no,no (forward fill only)
season_custom_cos,Season custom cos,calendar,calendar date of day t+1 (deterministic),yes (00:00 local time after day t closes),"deterministic, known in advance",no,no (forward fill only)
month_1,Month 1,calendar,calendar date of day t+1 (deterministic),yes (00:00 local time after day t closes),"deterministic, known in advance",no,no (forward fill only)
month_2,Month 2,calendar,calendar date of day t+1 (deterministic),yes (00:00 local time after day t closes),"deterministic, known in advance",no,no (forward fill only)
month_3,Month 3,calendar,calendar date of day t+1 (deterministic),yes (00:00 local time after day t closes),"deterministic, known in advance",no,no (forward fill only)
month_4,Month 4,calendar,calendar date of day t+1 (deterministic),yes (00:00 local time after day t closes),"deterministic, known in advance",no,no (forward fill only)
month_5,Month 5,calendar,calendar date of day t+1 (deterministic),yes (00:00 local time after day t closes),"deterministic, known in advance",no,no (forward fill only)
month_6,Month 6,calendar,calendar date of day t+1 (deterministic),yes (00:00 local time after day t closes),"deterministic, known in advance",no,no (forward fill only)
month_7,Month 7,calendar,calendar date of day t+1 (deterministic),yes (00:00 local time after day t closes),"deterministic, known in advance",no,no (forward fill only)
month_8,Month 8,calendar,calendar date of day t+1 (deterministic),yes (00:00 local time after day t closes),"deterministic, known in advance",no,no (forward fill only)
month_9,Month 9,calendar,calendar date of day t+1 (deterministic),yes (00:00 local time after day t closes),"deterministic, known in advance",no,no (forward fill only)
month_10,Month 10,calendar,calendar date of day t+1 (deterministic),yes (00:00 local time after day t closes),"deterministic, known in advance",no,no (forward fill only)
month_11,Month 11,calendar,calendar date of day t+1 (deterministic),yes (00:00 local time after day t closes),"deterministic, known in advance",no,no (forward fill only)
month_12,Month 12,calendar,calendar date of day t+1 (deterministic),yes (00:00 local time after day t closes),"deterministic, known in advance",no,no (forward fill only)
nightdark_hours,Nightdark hours,calendar,calendar date of day t+1 (deterministic),yes (00:00 local time after day t closes),"deterministic, known in advance",no,no (forward fill only)
sarkoy_temp_mean_to_max_ratio,Sarkoy temp mean to max ratio,local_met_eng,day t,yes (00:00 local time after day t closes),before or at the origin,only through bidirectional interpolation of gaps in its source variable,no (forward fill only)
sarkoy_temp_mean_relative_pos,Sarkoy temp mean relative pos,local_met_eng,day t,yes (00:00 local time after day t closes),before or at the origin,only through bidirectional interpolation of gaps in its source variable,no (forward fill only)
sarkoy_temp_max_to_mean_ratio,Sarkoy temp max to mean ratio,local_met_eng,day t,yes (00:00 local time after day t closes),before or at the origin,only through bidirectional interpolation of gaps in its source variable,no (forward fill only)
sarkoy_temp_mean_to_min_ratio,Sarkoy temp mean to min ratio,local_met_eng,day t,yes (00:00 local time after day t closes),before or at the origin,only through bidirectional interpolation of gaps in its source variable,no (forward fill only)
sarkoy_hum_mean_to_max_ratio,Sarkoy hum mean to max ratio,local_met_eng,day t,yes (00:00 local time after day t closes),before or at the origin,only through bidirectional interpolation of gaps in its source variable,no (forward fill only)
sarkoy_hum_range,Sarkoy hum range,local_met_eng,day t,yes (00:00 local time after day t closes),before or at the origin,only through bidirectional interpolation of gaps in its source variable,no (forward fill only)
sarkoy_hum_mean_relative_pos,Sarkoy hum mean relative pos,local_met_eng,day t,yes (00:00 local time after day t closes),before or at the origin,only through bidirectional interpolation of gaps in its source variable,no (forward fill only)
sarkoy_hum_max_to_mean_ratio,Sarkoy hum max to mean ratio,local_met_eng,day t,yes (00:00 local time after day t closes),before or at the origin,only through bidirectional interpolation of gaps in its source variable,no (forward fill only)
sarkoy_hum_mean_to_min_ratio,Sarkoy hum mean to min ratio,local_met_eng,day t,yes (00:00 local time after day t closes),before or at the origin,only through bidirectional interpolation of gaps in its source variable,no (forward fill only)
sarkoy_press_range,Sarkoy press range,local_met_eng,day t,yes (00:00 local time after day t closes),before or at the origin,only through bidirectional interpolation of gaps in its source variable,no (forward fill only)
sarkoy_press_mean_relative_pos,Sarkoy press mean relative pos,local_met_eng,day t,yes (00:00 local time after day t closes),before or at the origin,only through bidirectional interpolation of gaps in its source variable,no (forward fill only)
sarkoy_press_max_to_mean_ratio,Sarkoy press max to mean ratio,local_met_eng,day t,yes (00:00 local time after day t closes),before or at the origin,only through bidirectional interpolation of gaps in its source variable,no (forward fill only)
sarkoy_press_mean_to_min_ratio,Sarkoy press mean to min ratio,local_met_eng,day t,yes (00:00 local time after day t closes),before or at the origin,only through bidirectional interpolation of gaps in its source variable,no (forward fill only)
sarkoy_wind_mean_to_max_ratio,Sarkoy wind mean to max ratio,local_wind_eng,day t,yes (00:00 local time after day t closes),before or at the origin,only through bidirectional interpolation of gaps in its source variable,no (forward fill only)
abs_max_wind_speed_horizontal,|Şarköy max u|,local_wind_eng,day t,yes (00:00 local time after day t closes),before or at the origin,only through bidirectional interpolation of gaps in its source variable,no (forward fill only)
square_max_wind_speed_horizontal,(Şarköy max u)²,local_wind_eng,day t,yes (00:00 local time after day t closes),before or at the origin,only through bidirectional interpolation of gaps in its source variable,no (forward fill only)
abs_max_wind_speed_vertical,|Şarköy max v|,local_wind_eng,day t,yes (00:00 local time after day t closes),before or at the origin,only through bidirectional interpolation of gaps in its source variable,no (forward fill only)
square_max_wind_speed_vertical,(Şarköy max v)²,local_wind_eng,day t,yes (00:00 local time after day t closes),before or at the origin,only through bidirectional interpolation of gaps in its source variable,no (forward fill only)
abs_mean_wind_speed_horizontal,|Şarköy mean u|,local_wind_eng,day t,yes (00:00 local time after day t closes),before or at the origin,only through bidirectional interpolation of gaps in its source variable,no (forward fill only)
square_mean_wind_speed_horizontal,(Şarköy mean u)²,local_wind_eng,day t,yes (00:00 local time after day t closes),before or at the origin,only through bidirectional interpolation of gaps in its source variable,no (forward fill only)
abs_mean_wind_speed_vertical,|Şarköy mean v|,local_wind_eng,day t,yes (00:00 local time after day t closes),before or at the origin,only through bidirectional interpolation of gaps in its source variable,no (forward fill only)
square_mean_wind_speed_vertical,(Şarköy mean v)²,local_wind_eng,day t,yes (00:00 local time after day t closes),before or at the origin,only through bidirectional interpolation of gaps in its source variable,no (forward fill only)
abs_max_speed_cerkezkoy_horizontal,|Çerkezköy max u|,neighbour_eng:cerkezkoy,day t,yes (00:00 local time after day t closes),before or at the origin,only through bidirectional interpolation of gaps in its source variable,no (forward fill only)
square_max_speed_cerkezkoy_horizontal,(Çerkezköy max u)²,neighbour_eng:cerkezkoy,day t,yes (00:00 local time after day t closes),before or at the origin,only through bidirectional interpolation of gaps in its source variable,no (forward fill only)
abs_max_speed_cerkezkoy_vertical,|Çerkezköy max v|,neighbour_eng:cerkezkoy,day t,yes (00:00 local time after day t closes),before or at the origin,only through bidirectional interpolation of gaps in its source variable,no (forward fill only)
square_max_speed_cerkezkoy_vertical,(Çerkezköy max v)²,neighbour_eng:cerkezkoy,day t,yes (00:00 local time after day t closes),before or at the origin,only through bidirectional interpolation of gaps in its source variable,no (forward fill only)
abs_mean_speed_cerkezkoy_horizontal,|Çerkezköy mean u|,neighbour_eng:cerkezkoy,day t,yes (00:00 local time after day t closes),before or at the origin,only through bidirectional interpolation of gaps in its source variable,no (forward fill only)
square_mean_speed_cerkezkoy_horizontal,(Çerkezköy mean u)²,neighbour_eng:cerkezkoy,day t,yes (00:00 local time after day t closes),before or at the origin,only through bidirectional interpolation of gaps in its source variable,no (forward fill only)
abs_mean_speed_cerkezkoy_vertical,|Çerkezköy mean v|,neighbour_eng:cerkezkoy,day t,yes (00:00 local time after day t closes),before or at the origin,only through bidirectional interpolation of gaps in its source variable,no (forward fill only)
square_mean_speed_cerkezkoy_vertical,(Çerkezköy mean v)²,neighbour_eng:cerkezkoy,day t,yes (00:00 local time after day t closes),before or at the origin,only through bidirectional interpolation of gaps in its source variable,no (forward fill only)
abs_max_speed_meric_horizontal,|Meriç max u|,neighbour_eng:meric,day t,yes (00:00 local time after day t closes),before or at the origin,only through bidirectional interpolation of gaps in its source variable,no (forward fill only)
square_max_speed_meric_horizontal,(Meriç max u)²,neighbour_eng:meric,day t,yes (00:00 local time after day t closes),before or at the origin,only through bidirectional interpolation of gaps in its source variable,no (forward fill only)
abs_max_speed_meric_vertical,|Meriç max v|,neighbour_eng:meric,day t,yes (00:00 local time after day t closes),before or at the origin,only through bidirectional interpolation of gaps in its source variable,no (forward fill only)
square_max_speed_meric_vertical,(Meriç max v)²,neighbour_eng:meric,day t,yes (00:00 local time after day t closes),before or at the origin,only through bidirectional interpolation of gaps in its source variable,no (forward fill only)
abs_mean_speed_meric_horizontal,|Meriç mean u|,neighbour_eng:meric,day t,yes (00:00 local time after day t closes),before or at the origin,only through bidirectional interpolation of gaps in its source variable,no (forward fill only)
square_mean_speed_meric_horizontal,(Meriç mean u)²,neighbour_eng:meric,day t,yes (00:00 local time after day t closes),before or at the origin,only through bidirectional interpolation of gaps in its source variable,no (forward fill only)
abs_mean_speed_meric_vertical,|Meriç mean v|,neighbour_eng:meric,day t,yes (00:00 local time after day t closes),before or at the origin,only through bidirectional interpolation of gaps in its source variable,no (forward fill only)
square_mean_speed_meric_vertical,(Meriç mean v)²,neighbour_eng:meric,day t,yes (00:00 local time after day t closes),before or at the origin,only through bidirectional interpolation of gaps in its source variable,no (forward fill only)
abs_max_speed_muratli_horizontal,|Muratlı max u|,neighbour_eng:muratli,day t,yes (00:00 local time after day t closes),before or at the origin,only through bidirectional interpolation of gaps in its source variable,no (forward fill only)
square_max_speed_muratli_horizontal,(Muratlı max u)²,neighbour_eng:muratli,day t,yes (00:00 local time after day t closes),before or at the origin,only through bidirectional interpolation of gaps in its source variable,no (forward fill only)
abs_max_speed_muratli_vertical,|Muratlı max v|,neighbour_eng:muratli,day t,yes (00:00 local time after day t closes),before or at the origin,only through bidirectional interpolation of gaps in its source variable,no (forward fill only)
square_max_speed_muratli_vertical,(Muratlı max v)²,neighbour_eng:muratli,day t,yes (00:00 local time after day t closes),before or at the origin,only through bidirectional interpolation of gaps in its source variable,no (forward fill only)
abs_mean_speed_muratli_horizontal,|Muratlı mean u|,neighbour_eng:muratli,day t,yes (00:00 local time after day t closes),before or at the origin,only through bidirectional interpolation of gaps in its source variable,no (forward fill only)
square_mean_speed_muratli_horizontal,(Muratlı mean u)²,neighbour_eng:muratli,day t,yes (00:00 local time after day t closes),before or at the origin,only through bidirectional interpolation of gaps in its source variable,no (forward fill only)
abs_mean_speed_muratli_vertical,|Muratlı mean v|,neighbour_eng:muratli,day t,yes (00:00 local time after day t closes),before or at the origin,only through bidirectional interpolation of gaps in its source variable,no (forward fill only)
square_mean_speed_muratli_vertical,(Muratlı mean v)²,neighbour_eng:muratli,day t,yes (00:00 local time after day t closes),before or at the origin,only through bidirectional interpolation of gaps in its source variable,no (forward fill only)
abs_max_speed_kesan_horizontal,|Keşan max u|,neighbour_eng:kesan,day t,yes (00:00 local time after day t closes),before or at the origin,only through bidirectional interpolation of gaps in its source variable,no (forward fill only)
square_max_speed_kesan_horizontal,(Keşan max u)²,neighbour_eng:kesan,day t,yes (00:00 local time after day t closes),before or at the origin,only through bidirectional interpolation of gaps in its source variable,no (forward fill only)
abs_max_speed_kesan_vertical,|Keşan max v|,neighbour_eng:kesan,day t,yes (00:00 local time after day t closes),before or at the origin,only through bidirectional interpolation of gaps in its source variable,no (forward fill only)
square_max_speed_kesan_vertical,(Keşan max v)²,neighbour_eng:kesan,day t,yes (00:00 local time after day t closes),before or at the origin,only through bidirectional interpolation of gaps in its source variable,no (forward fill only)
abs_mean_speed_kesan_horizontal,|Keşan mean u|,neighbour_eng:kesan,day t,yes (00:00 local time after day t closes),before or at the origin,only through bidirectional interpolation of gaps in its source variable,no (forward fill only)
square_mean_speed_kesan_horizontal,(Keşan mean u)²,neighbour_eng:kesan,day t,yes (00:00 local time after day t closes),before or at the origin,only through bidirectional interpolation of gaps in its source variable,no (forward fill only)
abs_mean_speed_kesan_vertical,|Keşan mean v|,neighbour_eng:kesan,day t,yes (00:00 local time after day t closes),before or at the origin,only through bidirectional interpolation of gaps in its source variable,no (forward fill only)
square_mean_speed_kesan_vertical,(Keşan mean v)²,neighbour_eng:kesan,day t,yes (00:00 local time after day t closes),before or at the origin,only through bidirectional interpolation of gaps in its source variable,no (forward fill only)
abs_max_speed_ipsala_horizontal,|İpsala max u|,neighbour_eng:ipsala,day t,yes (00:00 local time after day t closes),before or at the origin,only through bidirectional interpolation of gaps in its source variable,no (forward fill only)
square_max_speed_ipsala_horizontal,(İpsala max u)²,neighbour_eng:ipsala,day t,yes (00:00 local time after day t closes),before or at the origin,only through bidirectional interpolation of gaps in its source variable,no (forward fill only)
abs_max_speed_ipsala_vertical,|İpsala max v|,neighbour_eng:ipsala,day t,yes (00:00 local time after day t closes),before or at the origin,only through bidirectional interpolation of gaps in its source variable,no (forward fill only)
square_max_speed_ipsala_vertical,(İpsala max v)²,neighbour_eng:ipsala,day t,yes (00:00 local time after day t closes),before or at the origin,only through bidirectional interpolation of gaps in its source variable,no (forward fill only)
abs_mean_speed_ipsala_horizontal,|İpsala mean u|,neighbour_eng:ipsala,day t,yes (00:00 local time after day t closes),before or at the origin,only through bidirectional interpolation of gaps in its source variable,no (forward fill only)
square_mean_speed_ipsala_horizontal,(İpsala mean u)²,neighbour_eng:ipsala,day t,yes (00:00 local time after day t closes),before or at the origin,only through bidirectional interpolation of gaps in its source variable,no (forward fill only)
abs_mean_speed_ipsala_vertical,|İpsala mean v|,neighbour_eng:ipsala,day t,yes (00:00 local time after day t closes),before or at the origin,only through bidirectional interpolation of gaps in its source variable,no (forward fill only)
square_mean_speed_ipsala_vertical,(İpsala mean v)²,neighbour_eng:ipsala,day t,yes (00:00 local time after day t closes),before or at the origin,only through bidirectional interpolation of gaps in its source variable,no (forward fill only)
abs_max_speed_enez_horizontal,|Enez max u|,neighbour_eng:enez,day t,yes (00:00 local time after day t closes),before or at the origin,only through bidirectional interpolation of gaps in its source variable,no (forward fill only)
square_max_speed_enez_horizontal,(Enez max u)²,neighbour_eng:enez,day t,yes (00:00 local time after day t closes),before or at the origin,only through bidirectional interpolation of gaps in its source variable,no (forward fill only)
abs_max_speed_enez_vertical,|Enez max v|,neighbour_eng:enez,day t,yes (00:00 local time after day t closes),before or at the origin,only through bidirectional interpolation of gaps in its source variable,no (forward fill only)
square_max_speed_enez_vertical,(Enez max v)²,neighbour_eng:enez,day t,yes (00:00 local time after day t closes),before or at the origin,only through bidirectional interpolation of gaps in its source variable,no (forward fill only)
abs_mean_speed_enez_horizontal,|Enez mean u|,neighbour_eng:enez,day t,yes (00:00 local time after day t closes),before or at the origin,only through bidirectional interpolation of gaps in its source variable,no (forward fill only)
square_mean_speed_enez_horizontal,(Enez mean u)²,neighbour_eng:enez,day t,yes (00:00 local time after day t closes),before or at the origin,only through bidirectional interpolation of gaps in its source variable,no (forward fill only)
abs_mean_speed_enez_vertical,|Enez mean v|,neighbour_eng:enez,day t,yes (00:00 local time after day t closes),before or at the origin,only through bidirectional interpolation of gaps in its source variable,no (forward fill only)
square_mean_speed_enez_vertical,(Enez mean v)²,neighbour_eng:enez,day t,yes (00:00 local time after day t closes),before or at the origin,only through bidirectional interpolation of gaps in its source variable,no (forward fill only)
abs_max_speed_malkara_horizontal,|Malkara max u|,neighbour_eng:malkara,day t,yes (00:00 local time after day t closes),before or at the origin,only through bidirectional interpolation of gaps in its source variable,no (forward fill only)
square_max_speed_malkara_horizontal,(Malkara max u)²,neighbour_eng:malkara,day t,yes (00:00 local time after day t closes),before or at the origin,only through bidirectional interpolation of gaps in its source variable,no (forward fill only)
abs_max_speed_malkara_vertical,|Malkara max v|,neighbour_eng:malkara,day t,yes (00:00 local time after day t closes),before or at the origin,only through bidirectional interpolation of gaps in its source variable,no (forward fill only)
square_max_speed_malkara_vertical,(Malkara max v)²,neighbour_eng:malkara,day t,yes (00:00 local time after day t closes),before or at the origin,only through bidirectional interpolation of gaps in its source variable,no (forward fill only)
abs_mean_speed_malkara_horizontal,|Malkara mean u|,neighbour_eng:malkara,day t,yes (00:00 local time after day t closes),before or at the origin,only through bidirectional interpolation of gaps in its source variable,no (forward fill only)
square_mean_speed_malkara_horizontal,(Malkara mean u)²,neighbour_eng:malkara,day t,yes (00:00 local time after day t closes),before or at the origin,only through bidirectional interpolation of gaps in its source variable,no (forward fill only)
abs_mean_speed_malkara_vertical,|Malkara mean v|,neighbour_eng:malkara,day t,yes (00:00 local time after day t closes),before or at the origin,only through bidirectional interpolation of gaps in its source variable,no (forward fill only)
square_mean_speed_malkara_vertical,(Malkara mean v)²,neighbour_eng:malkara,day t,yes (00:00 local time after day t closes),before or at the origin,only through bidirectional interpolation of gaps in its source variable,no (forward fill only)
abs_max_speed_edirne_horizontal,|Edirne max u|,neighbour_eng:edirne,day t,yes (00:00 local time after day t closes),before or at the origin,only through bidirectional interpolation of gaps in its source variable,no (forward fill only)
square_max_speed_edirne_horizontal,(Edirne max u)²,neighbour_eng:edirne,day t,yes (00:00 local time after day t closes),before or at the origin,only through bidirectional interpolation of gaps in its source variable,no (forward fill only)
abs_max_speed_edirne_vertical,|Edirne max v|,neighbour_eng:edirne,day t,yes (00:00 local time after day t closes),before or at the origin,only through bidirectional interpolation of gaps in its source variable,no (forward fill only)
square_max_speed_edirne_vertical,(Edirne max v)²,neighbour_eng:edirne,day t,yes (00:00 local time after day t closes),before or at the origin,only through bidirectional interpolation of gaps in its source variable,no (forward fill only)
abs_mean_speed_edirne_horizontal,|Edirne mean u|,neighbour_eng:edirne,day t,yes (00:00 local time after day t closes),before or at the origin,only through bidirectional interpolation of gaps in its source variable,no (forward fill only)
square_mean_speed_edirne_horizontal,(Edirne mean u)²,neighbour_eng:edirne,day t,yes (00:00 local time after day t closes),before or at the origin,only through bidirectional interpolation of gaps in its source variable,no (forward fill only)
abs_mean_speed_edirne_vertical,|Edirne mean v|,neighbour_eng:edirne,day t,yes (00:00 local time after day t closes),before or at the origin,only through bidirectional interpolation of gaps in its source variable,no (forward fill only)
square_mean_speed_edirne_vertical,(Edirne mean v)²,neighbour_eng:edirne,day t,yes (00:00 local time after day t closes),before or at the origin,only through bidirectional interpolation of gaps in its source variable,no (forward fill only)
abs_max_speed_tekirdag_horizontal,|Tekirdağ max u|,neighbour_eng:tekirdag,day t,yes (00:00 local time after day t closes),before or at the origin,only through bidirectional interpolation of gaps in its source variable,no (forward fill only)
square_max_speed_tekirdag_horizontal,(Tekirdağ max u)²,neighbour_eng:tekirdag,day t,yes (00:00 local time after day t closes),before or at the origin,only through bidirectional interpolation of gaps in its source variable,no (forward fill only)
abs_max_speed_tekirdag_vertical,|Tekirdağ max v|,neighbour_eng:tekirdag,day t,yes (00:00 local time after day t closes),before or at the origin,only through bidirectional interpolation of gaps in its source variable,no (forward fill only)
square_max_speed_tekirdag_vertical,(Tekirdağ max v)²,neighbour_eng:tekirdag,day t,yes (00:00 local time after day t closes),before or at the origin,only through bidirectional interpolation of gaps in its source variable,no (forward fill only)
abs_mean_speed_tekirdag_horizontal,|Tekirdağ mean u|,neighbour_eng:tekirdag,day t,yes (00:00 local time after day t closes),before or at the origin,only through bidirectional interpolation of gaps in its source variable,no (forward fill only)
square_mean_speed_tekirdag_horizontal,(Tekirdağ mean u)²,neighbour_eng:tekirdag,day t,yes (00:00 local time after day t closes),before or at the origin,only through bidirectional interpolation of gaps in its source variable,no (forward fill only)
abs_mean_speed_tekirdag_vertical,|Tekirdağ mean v|,neighbour_eng:tekirdag,day t,yes (00:00 local time after day t closes),before or at the origin,only through bidirectional interpolation of gaps in its source variable,no (forward fill only)
square_mean_speed_tekirdag_vertical,(Tekirdağ mean v)²,neighbour_eng:tekirdag,day t,yes (00:00 local time after day t closes),before or at the origin,only through bidirectional interpolation of gaps in its source variable,no (forward fill only)
abs_max_speed_uzunkopru_horizontal,|Uzunköprü max u|,neighbour_eng:uzunkopru,day t,yes (00:00 local time after day t closes),before or at the origin,only through bidirectional interpolation of gaps in its source variable,no (forward fill only)
square_max_speed_uzunkopru_horizontal,(Uzunköprü max u)²,neighbour_eng:uzunkopru,day t,yes (00:00 local time after day t closes),before or at the origin,only through bidirectional interpolation of gaps in its source variable,no (forward fill only)
abs_max_speed_uzunkopru_vertical,|Uzunköprü max v|,neighbour_eng:uzunkopru,day t,yes (00:00 local time after day t closes),before or at the origin,only through bidirectional interpolation of gaps in its source variable,no (forward fill only)
square_max_speed_uzunkopru_vertical,(Uzunköprü max v)²,neighbour_eng:uzunkopru,day t,yes (00:00 local time after day t closes),before or at the origin,only through bidirectional interpolation of gaps in its source variable,no (forward fill only)
abs_mean_speed_uzunkopru_horizontal,|Uzunköprü mean u|,neighbour_eng:uzunkopru,day t,yes (00:00 local time after day t closes),before or at the origin,only through bidirectional interpolation of gaps in its source variable,no (forward fill only)
square_mean_speed_uzunkopru_horizontal,(Uzunköprü mean u)²,neighbour_eng:uzunkopru,day t,yes (00:00 local time after day t closes),before or at the origin,only through bidirectional interpolation of gaps in its source variable,no (forward fill only)
abs_mean_speed_uzunkopru_vertical,|Uzunköprü mean v|,neighbour_eng:uzunkopru,day t,yes (00:00 local time after day t closes),before or at the origin,only through bidirectional interpolation of gaps in its source variable,no (forward fill only)
square_mean_speed_uzunkopru_vertical,(Uzunköprü mean v)²,neighbour_eng:uzunkopru,day t,yes (00:00 local time after day t closes),before or at the origin,only through bidirectional interpolation of gaps in its source variable,no (forward fill only)
abs_max_speed_saray_horizontal,|Saray max u|,neighbour_eng:saray,day t,yes (00:00 local time after day t closes),before or at the origin,only through bidirectional interpolation of gaps in its source variable,no (forward fill only)
square_max_speed_saray_horizontal,(Saray max u)²,neighbour_eng:saray,day t,yes (00:00 local time after day t closes),before or at the origin,only through bidirectional interpolation of gaps in its source variable,no (forward fill only)
abs_max_speed_saray_vertical,|Saray max v|,neighbour_eng:saray,day t,yes (00:00 local time after day t closes),before or at the origin,only through bidirectional interpolation of gaps in its source variable,no (forward fill only)
square_max_speed_saray_vertical,(Saray max v)²,neighbour_eng:saray,day t,yes (00:00 local time after day t closes),before or at the origin,only through bidirectional interpolation of gaps in its source variable,no (forward fill only)
abs_mean_speed_saray_horizontal,|Saray mean u|,neighbour_eng:saray,day t,yes (00:00 local time after day t closes),before or at the origin,only through bidirectional interpolation of gaps in its source variable,no (forward fill only)
square_mean_speed_saray_horizontal,(Saray mean u)²,neighbour_eng:saray,day t,yes (00:00 local time after day t closes),before or at the origin,only through bidirectional interpolation of gaps in its source variable,no (forward fill only)
abs_mean_speed_saray_vertical,|Saray mean v|,neighbour_eng:saray,day t,yes (00:00 local time after day t closes),before or at the origin,only through bidirectional interpolation of gaps in its source variable,no (forward fill only)
square_mean_speed_saray_vertical,(Saray mean v)²,neighbour_eng:saray,day t,yes (00:00 local time after day t closes),before or at the origin,only through bidirectional interpolation of gaps in its source variable,no (forward fill only)
abs_max_speed_havsa_horizontal,|Havsa max u|,neighbour_eng:havsa,day t,yes (00:00 local time after day t closes),before or at the origin,only through bidirectional interpolation of gaps in its source variable,no (forward fill only)
square_max_speed_havsa_horizontal,(Havsa max u)²,neighbour_eng:havsa,day t,yes (00:00 local time after day t closes),before or at the origin,only through bidirectional interpolation of gaps in its source variable,no (forward fill only)
abs_max_speed_havsa_vertical,|Havsa max v|,neighbour_eng:havsa,day t,yes (00:00 local time after day t closes),before or at the origin,only through bidirectional interpolation of gaps in its source variable,no (forward fill only)
square_max_speed_havsa_vertical,(Havsa max v)²,neighbour_eng:havsa,day t,yes (00:00 local time after day t closes),before or at the origin,only through bidirectional interpolation of gaps in its source variable,no (forward fill only)
abs_mean_speed_havsa_horizontal,|Havsa mean u|,neighbour_eng:havsa,day t,yes (00:00 local time after day t closes),before or at the origin,only through bidirectional interpolation of gaps in its source variable,no (forward fill only)
square_mean_speed_havsa_horizontal,(Havsa mean u)²,neighbour_eng:havsa,day t,yes (00:00 local time after day t closes),before or at the origin,only through bidirectional interpolation of gaps in its source variable,no (forward fill only)
abs_mean_speed_havsa_vertical,|Havsa mean v|,neighbour_eng:havsa,day t,yes (00:00 local time after day t closes),before or at the origin,only through bidirectional interpolation of gaps in its source variable,no (forward fill only)
square_mean_speed_havsa_vertical,(Havsa mean v)²,neighbour_eng:havsa,day t,yes (00:00 local time after day t closes),before or at the origin,only through bidirectional interpolation of gaps in its source variable,no (forward fill only)
abs_max_speed_hayrabolu_horizontal,|Hayrabolu max u|,neighbour_eng:hayrabolu,day t,yes (00:00 local time after day t closes),before or at the origin,only through bidirectional interpolation of gaps in its source variable,no (forward fill only)
square_max_speed_hayrabolu_horizontal,(Hayrabolu max u)²,neighbour_eng:hayrabolu,day t,yes (00:00 local time after day t closes),before or at the origin,only through bidirectional interpolation of gaps in its source variable,no (forward fill only)
abs_max_speed_hayrabolu_vertical,|Hayrabolu max v|,neighbour_eng:hayrabolu,day t,yes (00:00 local time after day t closes),before or at the origin,only through bidirectional interpolation of gaps in its source variable,no (forward fill only)
square_max_speed_hayrabolu_vertical,(Hayrabolu max v)²,neighbour_eng:hayrabolu,day t,yes (00:00 local time after day t closes),before or at the origin,only through bidirectional interpolation of gaps in its source variable,no (forward fill only)
abs_mean_speed_hayrabolu_horizontal,|Hayrabolu mean u|,neighbour_eng:hayrabolu,day t,yes (00:00 local time after day t closes),before or at the origin,only through bidirectional interpolation of gaps in its source variable,no (forward fill only)
square_mean_speed_hayrabolu_horizontal,(Hayrabolu mean u)²,neighbour_eng:hayrabolu,day t,yes (00:00 local time after day t closes),before or at the origin,only through bidirectional interpolation of gaps in its source variable,no (forward fill only)
abs_mean_speed_hayrabolu_vertical,|Hayrabolu mean v|,neighbour_eng:hayrabolu,day t,yes (00:00 local time after day t closes),before or at the origin,only through bidirectional interpolation of gaps in its source variable,no (forward fill only)
square_mean_speed_hayrabolu_vertical,(Hayrabolu mean v)²,neighbour_eng:hayrabolu,day t,yes (00:00 local time after day t closes),before or at the origin,only through bidirectional interpolation of gaps in its source variable,no (forward fill only)
abs_max_speed_lalapasa_horizontal,|Lalapaşa max u|,neighbour_eng:lalapasa,day t,yes (00:00 local time after day t closes),before or at the origin,only through bidirectional interpolation of gaps in its source variable,no (forward fill only)
square_max_speed_lalapasa_horizontal,(Lalapaşa max u)²,neighbour_eng:lalapasa,day t,yes (00:00 local time after day t closes),before or at the origin,only through bidirectional interpolation of gaps in its source variable,no (forward fill only)
abs_max_speed_lalapasa_vertical,|Lalapaşa max v|,neighbour_eng:lalapasa,day t,yes (00:00 local time after day t closes),before or at the origin,only through bidirectional interpolation of gaps in its source variable,no (forward fill only)
square_max_speed_lalapasa_vertical,(Lalapaşa max v)²,neighbour_eng:lalapasa,day t,yes (00:00 local time after day t closes),before or at the origin,only through bidirectional interpolation of gaps in its source variable,no (forward fill only)
abs_mean_speed_lalapasa_horizontal,|Lalapaşa mean u|,neighbour_eng:lalapasa,day t,yes (00:00 local time after day t closes),before or at the origin,only through bidirectional interpolation of gaps in its source variable,no (forward fill only)
square_mean_speed_lalapasa_horizontal,(Lalapaşa mean u)²,neighbour_eng:lalapasa,day t,yes (00:00 local time after day t closes),before or at the origin,only through bidirectional interpolation of gaps in its source variable,no (forward fill only)
abs_mean_speed_lalapasa_vertical,|Lalapaşa mean v|,neighbour_eng:lalapasa,day t,yes (00:00 local time after day t closes),before or at the origin,only through bidirectional interpolation of gaps in its source variable,no (forward fill only)
square_mean_speed_lalapasa_vertical,(Lalapaşa mean v)²,neighbour_eng:lalapasa,day t,yes (00:00 local time after day t closes),before or at the origin,only through bidirectional interpolation of gaps in its source variable,no (forward fill only)
abs_max_speed_corlu_horizontal,|Çorlu max u|,neighbour_eng:corlu,day t,yes (00:00 local time after day t closes),before or at the origin,only through bidirectional interpolation of gaps in its source variable,no (forward fill only)
square_max_speed_corlu_horizontal,(Çorlu max u)²,neighbour_eng:corlu,day t,yes (00:00 local time after day t closes),before or at the origin,only through bidirectional interpolation of gaps in its source variable,no (forward fill only)
abs_max_speed_corlu_vertical,|Çorlu max v|,neighbour_eng:corlu,day t,yes (00:00 local time after day t closes),before or at the origin,only through bidirectional interpolation of gaps in its source variable,no (forward fill only)
square_max_speed_corlu_vertical,(Çorlu max v)²,neighbour_eng:corlu,day t,yes (00:00 local time after day t closes),before or at the origin,only through bidirectional interpolation of gaps in its source variable,no (forward fill only)
abs_mean_speed_corlu_horizontal,|Çorlu mean u|,neighbour_eng:corlu,day t,yes (00:00 local time after day t closes),before or at the origin,only through bidirectional interpolation of gaps in its source variable,no (forward fill only)
square_mean_speed_corlu_horizontal,(Çorlu mean u)²,neighbour_eng:corlu,day t,yes (00:00 local time after day t closes),before or at the origin,only through bidirectional interpolation of gaps in its source variable,no (forward fill only)
abs_mean_speed_corlu_vertical,|Çorlu mean v|,neighbour_eng:corlu,day t,yes (00:00 local time after day t closes),before or at the origin,only through bidirectional interpolation of gaps in its source variable,no (forward fill only)
square_mean_speed_corlu_vertical,(Çorlu mean v)²,neighbour_eng:corlu,day t,yes (00:00 local time after day t closes),before or at the origin,only through bidirectional interpolation of gaps in its source variable,no (forward fill only)
abs_max_speed_marmara_horizontal,|Marmara Ereğlisi max u|,neighbour_eng:marmara,day t,yes (00:00 local time after day t closes),before or at the origin,only through bidirectional interpolation of gaps in its source variable,no (forward fill only)
square_max_speed_marmara_horizontal,(Marmara Ereğlisi max u)²,neighbour_eng:marmara,day t,yes (00:00 local time after day t closes),before or at the origin,only through bidirectional interpolation of gaps in its source variable,no (forward fill only)
abs_max_speed_marmara_vertical,|Marmara Ereğlisi max v|,neighbour_eng:marmara,day t,yes (00:00 local time after day t closes),before or at the origin,only through bidirectional interpolation of gaps in its source variable,no (forward fill only)
square_max_speed_marmara_vertical,(Marmara Ereğlisi max v)²,neighbour_eng:marmara,day t,yes (00:00 local time after day t closes),before or at the origin,only through bidirectional interpolation of gaps in its source variable,no (forward fill only)
abs_mean_speed_marmara_horizontal,|Marmara Ereğlisi mean u|,neighbour_eng:marmara,day t,yes (00:00 local time after day t closes),before or at the origin,only through bidirectional interpolation of gaps in its source variable,no (forward fill only)
square_mean_speed_marmara_horizontal,(Marmara Ereğlisi mean u)²,neighbour_eng:marmara,day t,yes (00:00 local time after day t closes),before or at the origin,only through bidirectional interpolation of gaps in its source variable,no (forward fill only)
abs_mean_speed_marmara_vertical,|Marmara Ereğlisi mean v|,neighbour_eng:marmara,day t,yes (00:00 local time after day t closes),before or at the origin,only through bidirectional interpolation of gaps in its source variable,no (forward fill only)
square_mean_speed_marmara_vertical,(Marmara Ereğlisi mean v)²,neighbour_eng:marmara,day t,yes (00:00 local time after day t closes),before or at the origin,only through bidirectional interpolation of gaps in its source variable,no (forward fill only)
abs_lag_1_mean_wind_speed_horizontal,|Şarköy mean u| (t−1),local_wind_eng,day t,yes (00:00 local time after day t closes),before or at the origin,only through bidirectional interpolation of gaps in its source variable,no (forward fill only)
square_lag_1_mean_wind_speed_horizontal,(Şarköy mean u)² (t−1),local_wind_eng,day t,yes (00:00 local time after day t closes),before or at the origin,only through bidirectional interpolation of gaps in its source variable,no (forward fill only)
abs_lag_2_mean_wind_speed_horizontal,|Şarköy mean u| (t−2),local_wind_eng,day t,yes (00:00 local time after day t closes),before or at the origin,only through bidirectional interpolation of gaps in its source variable,no (forward fill only)
square_lag_2_mean_wind_speed_horizontal,(Şarköy mean u)² (t−2),local_wind_eng,day t,yes (00:00 local time after day t closes),before or at the origin,only through bidirectional interpolation of gaps in its source variable,no (forward fill only)
abs_lag_1_mean_wind_speed_vertical,|Şarköy mean v| (t−1),local_wind_eng,day t,yes (00:00 local time after day t closes),before or at the origin,only through bidirectional interpolation of gaps in its source variable,no (forward fill only)
square_lag_1_mean_wind_speed_vertical,(Şarköy mean v)² (t−1),local_wind_eng,day t,yes (00:00 local time after day t closes),before or at the origin,only through bidirectional interpolation of gaps in its source variable,no (forward fill only)
abs_lag_2_mean_wind_speed_vertical,|Şarköy mean v| (t−2),local_wind_eng,day t,yes (00:00 local time after day t closes),before or at the origin,only through bidirectional interpolation of gaps in its source variable,no (forward fill only)
square_lag_2_mean_wind_speed_vertical,(Şarköy mean v)² (t−2),local_wind_eng,day t,yes (00:00 local time after day t closes),before or at the origin,only through bidirectional interpolation of gaps in its source variable,no (forward fill only)
abs_lag_1_max_wind_speed_horizontal,|Şarköy max u| (t−1),local_wind_eng,day t,yes (00:00 local time after day t closes),before or at the origin,only through bidirectional interpolation of gaps in its source variable,no (forward fill only)
square_lag_1_max_wind_speed_horizontal,(Şarköy max u)² (t−1),local_wind_eng,day t,yes (00:00 local time after day t closes),before or at the origin,only through bidirectional interpolation of gaps in its source variable,no (forward fill only)
abs_lag_2_max_wind_speed_horizontal,|Şarköy max u| (t−2),local_wind_eng,day t,yes (00:00 local time after day t closes),before or at the origin,only through bidirectional interpolation of gaps in its source variable,no (forward fill only)
square_lag_2_max_wind_speed_horizontal,(Şarköy max u)² (t−2),local_wind_eng,day t,yes (00:00 local time after day t closes),before or at the origin,only through bidirectional interpolation of gaps in its source variable,no (forward fill only)
abs_lag_1_max_wind_speed_vertical,|Şarköy max v| (t−1),local_wind_eng,day t,yes (00:00 local time after day t closes),before or at the origin,only through bidirectional interpolation of gaps in its source variable,no (forward fill only)
square_lag_1_max_wind_speed_vertical,(Şarköy max v)² (t−1),local_wind_eng,day t,yes (00:00 local time after day t closes),before or at the origin,only through bidirectional interpolation of gaps in its source variable,no (forward fill only)
abs_lag_2_max_wind_speed_vertical,|Şarköy max v| (t−2),local_wind_eng,day t,yes (00:00 local time after day t closes),before or at the origin,only through bidirectional interpolation of gaps in its source variable,no (forward fill only)
square_lag_2_max_wind_speed_vertical,(Şarköy max v)² (t−2),local_wind_eng,day t,yes (00:00 local time after day t closes),before or at the origin,only through bidirectional interpolation of gaps in its source variable,no (forward fill only)
air_density,Air density,physics,day t,yes (00:00 local time after day t closes),before or at the origin,only through bidirectional interpolation of gaps in its source variable,no (forward fill only)
potential_temp_c,Potential temp c,physics,day t,yes (00:00 local time after day t closes),before or at the origin,only through bidirectional interpolation of gaps in its source variable,no (forward fill only)
wind_power_proxy,Wind power proxy,physics,day t,yes (00:00 local time after day t closes),before or at the origin,only through bidirectional interpolation of gaps in its source variable,no (forward fill only)
diurnal_temp_range,Diurnal temp range,physics,day t,yes (00:00 local time after day t closes),before or at the origin,only through bidirectional interpolation of gaps in its source variable,no (forward fill only)
dew_point_approx,Dew point approx,physics,day t,yes (00:00 local time after day t closes),before or at the origin,only through bidirectional interpolation of gaps in its source variable,no (forward fill only)
dryness_index,Dryness index,physics,day t,yes (00:00 local time after day t closes),before or at the origin,only through bidirectional interpolation of gaps in its source variable,no (forward fill only)
wind_power_moisture,Wind power moisture,physics,day t,yes (00:00 local time after day t closes),before or at the origin,only through bidirectional interpolation of gaps in its source variable,no (forward fill only)
days_since_high_wind,Days since high wind,local_wind_eng,all days up to day t,yes (00:00 local time after day t closes),before or at the origin,only through bidirectional interpolation of gaps in its source variable,no (forward fill only)
days_since_low_wind,Days since low wind,local_wind_eng,all days up to day t,yes (00:00 local time after day t closes),before or at the origin,only through bidirectional interpolation of gaps in its source variable,no (forward fill only)
lunar_sin,Lunar sin,lunar,calendar date of day t+1 (deterministic),yes (00:00 local time after day t closes),"deterministic, known in advance",no,no (forward fill only)
lunar_cos,Lunar cos,lunar,calendar date of day t+1 (deterministic),yes (00:00 local time after day t closes),"deterministic, known in advance",no,no (forward fill only)
is_full_moon,Is full moon,lunar,calendar date of day t+1 (deterministic),yes (00:00 local time after day t closes),"deterministic, known in advance",no,no (forward fill only)
is_new_moon,Is new moon,lunar,calendar date of day t+1 (deterministic),yes (00:00 local time after day t closes),"deterministic, known in advance",no,no (forward fill only)
temp_diff_sarkoy_ganos,Temp diff sarkoy ganos,ganos,day t,yes (00:00 local time after day t closes),before or at the origin,only through bidirectional interpolation of gaps in its source variable,no (forward fill only)
wind_speed_diff,Wind speed diff,local_wind_eng,day t,yes (00:00 local time after day t closes),before or at the origin,only through bidirectional interpolation of gaps in its source variable,no (forward fill only)
wind_angle_diff_2,Wind angle diff 2,local_wind_eng,day t,yes (00:00 local time after day t closes),before or at the origin,only through bidirectional interpolation of gaps in its source variable,no (forward fill only)
sarkoy_rain_event,Sarkoy rain event,local_met_eng,day t,yes (00:00 local time after day t closes),before or at the origin,only through bidirectional interpolation of gaps in its source variable,no (forward fill only)
sarkoy_log_precipitation,Sarkoy log precipitation,local_met_eng,day t,yes (00:00 local time after day t closes),before or at the origin,only through bidirectional interpolation of gaps in its source variable,no (forward fill only)
sarkoy_days_since_last_rain,Sarkoy days since last rain,local_met_eng,all days up to day t,yes (00:00 local time after day t closes),before or at the origin,only through bidirectional interpolation of gaps in its source variable,no (forward fill only)
sarkoy_light_rain,Sarkoy light rain,local_met_eng,day t,yes (00:00 local time after day t closes),before or at the origin,only through bidirectional interpolation of gaps in its source variable,no (forward fill only)
sarkoy_moderate_rain,Sarkoy moderate rain,local_met_eng,day t,yes (00:00 local time after day t closes),before or at the origin,only through bidirectional interpolation of gaps in its source variable,no (forward fill only)
sarkoy_heavy_rain,Sarkoy heavy rain,local_met_eng,day t,yes (00:00 local time after day t closes),before or at the origin,only through bidirectional interpolation of gaps in its source variable,no (forward fill only)
sarkoy_annual_cum_precip,Sarkoy annual cum precip,local_met_eng,1 January to day t,yes (00:00 local time after day t closes),before or at the origin,only through bidirectional interpolation of gaps in its source variable,no (forward fill only)
ganos_rain_event,Ganos rain event,ganos,day t,yes (00:00 local time after day t closes),before or at the origin,only through bidirectional interpolation of gaps in its source variable,no (forward fill only)
ganos_log_precipitation,Ganos log precipitation,ganos,day t,yes (00:00 local time after day t closes),before or at the origin,only through bidirectional interpolation of gaps in its source variable,no (forward fill only)
ganos_days_since_last_rain,Ganos days since last rain,ganos,all days up to day t,yes (00:00 local time after day t closes),before or at the origin,only through bidirectional interpolation of gaps in its source variable,no (forward fill only)
ganos_light_rain,Ganos light rain,ganos,day t,yes (00:00 local time after day t closes),before or at the origin,only through bidirectional interpolation of gaps in its source variable,no (forward fill only)
ganos_moderate_rain,Ganos moderate rain,ganos,day t,yes (00:00 local time after day t closes),before or at the origin,only through bidirectional interpolation of gaps in its source variable,no (forward fill only)
ganos_heavy_rain,Ganos heavy rain,ganos,day t,yes (00:00 local time after day t closes),before or at the origin,only through bidirectional interpolation of gaps in its source variable,no (forward fill only)
ganos_annual_cum_precip,Ganos annual cum precip,ganos,1 January to day t,yes (00:00 local time after day t closes),before or at the origin,only through bidirectional interpolation of gaps in its source variable,no (forward fill only)
sarkoy_consecutive_rain_event_days,Sarkoy consecutive rain event days,local_met_eng,all days up to day t,yes (00:00 local time after day t closes),before or at the origin,only through bidirectional interpolation of gaps in its source variable,no (forward fill only)
ganos_consecutive_rain_event_days,Ganos consecutive rain event days,ganos,all days up to day t,yes (00:00 local time after day t closes),before or at the origin,only through bidirectional interpolation of gaps in its source variable,no (forward fill only)
is_high_wind_day,Is high wind day,local_wind_eng,day t,yes (00:00 local time after day t closes),before or at the origin,only through bidirectional interpolation of gaps in its source variable,no (forward fill only)
consecutive_high_wind_days,Consecutive high wind days,local_wind_eng,all days up to day t,yes (00:00 local time after day t closes),before or at the origin,only through bidirectional interpolation of gaps in its source variable,no (forward fill only)
sarkoy_wind_dir_streak,Sarkoy wind dir streak,local_direction,all days up to day t,yes (00:00 local time after day t closes),before or at the origin,only through bidirectional interpolation of gaps in its source variable,no (forward fill only)
humidity_wind_interaction,Humidity wind interaction,local_wind_eng,day t,yes (00:00 local time after day t closes),before or at the origin,only through bidirectional interpolation of gaps in its source variable,no (forward fill only)
lag_humidity_wind_interaction,Lag humidity wind interaction,local_wind_eng,day t,yes (00:00 local time after day t closes),before or at the origin,only through bidirectional interpolation of gaps in its source variable,no (forward fill only)
diff_1_mean_pressure,Diff 1 mean pressure,local_met_eng,day t,yes (00:00 local time after day t closes),before or at the origin,only through bidirectional interpolation of gaps in its source variable,no (forward fill only)
temp_humidity_ratio,Temp humidity ratio,local_met_eng,day t,yes (00:00 local time after day t closes),before or at the origin,only through bidirectional interpolation of gaps in its source variable,no (forward fill only)
sqrt_mean_wind_speed,Sqrt mean wind speed,local_wind_eng,day t,yes (00:00 local time after day t closes),before or at the origin,only through bidirectional interpolation of gaps in its source variable,no (forward fill only)
precip_wind_interaction,Precip wind interaction,local_wind_eng,day t,yes (00:00 local time after day t closes),before or at the origin,only through bidirectional interpolation of gaps in its source variable,no (forward fill only)
lag_1_mean_speed_havsa_horizontal,Havsa mean u (t−1),neighbour_eng:havsa,day t−1,yes (00:00 local time after day t closes),before or at the origin,only through bidirectional interpolation of gaps in its source variable,no (forward fill only)
lag_1_max_speed_havsa_horizontal,Havsa max u (t−1),neighbour_eng:havsa,day t−1,yes (00:00 local time after day t closes),before or at the origin,only through bidirectional interpolation of gaps in its source variable,no (forward fill only)
lag_1_mean_speed_havsa_vertical,Havsa mean v (t−1),neighbour_eng:havsa,day t−1,yes (00:00 local time after day t closes),before or at the origin,only through bidirectional interpolation of gaps in its source variable,no (forward fill only)
lag_1_max_speed_havsa_vertical,Havsa max v (t−1),neighbour_eng:havsa,day t−1,yes (00:00 local time after day t closes),before or at the origin,only through bidirectional interpolation of gaps in its source variable,no (forward fill only)
lag_1_mean_speed_lalapasa_horizontal,Lalapaşa mean u (t−1),neighbour_eng:lalapasa,day t−1,yes (00:00 local time after day t closes),before or at the origin,only through bidirectional interpolation of gaps in its source variable,no (forward fill only)
lag_1_max_speed_lalapasa_horizontal,Lalapaşa max u (t−1),neighbour_eng:lalapasa,day t−1,yes (00:00 local time after day t closes),before or at the origin,only through bidirectional interpolation of gaps in its source variable,no (forward fill only)
lag_1_mean_speed_lalapasa_vertical,Lalapaşa mean v (t−1),neighbour_eng:lalapasa,day t−1,yes (00:00 local time after day t closes),before or at the origin,only through bidirectional interpolation of gaps in its source variable,no (forward fill only)
lag_1_max_speed_lalapasa_vertical,Lalapaşa max v (t−1),neighbour_eng:lalapasa,day t−1,yes (00:00 local time after day t closes),before or at the origin,only through bidirectional interpolation of gaps in its source variable,no (forward fill only)
lag_1_mean_speed_tekirdag_horizontal,Tekirdağ mean u (t−1),neighbour_eng:tekirdag,day t−1,yes (00:00 local time after day t closes),before or at the origin,only through bidirectional interpolation of gaps in its source variable,no (forward fill only)
lag_1_max_speed_tekirdag_horizontal,Tekirdağ max u (t−1),neighbour_eng:tekirdag,day t−1,yes (00:00 local time after day t closes),before or at the origin,only through bidirectional interpolation of gaps in its source variable,no (forward fill only)
lag_1_mean_speed_tekirdag_vertical,Tekirdağ mean v (t−1),neighbour_eng:tekirdag,day t−1,yes (00:00 local time after day t closes),before or at the origin,only through bidirectional interpolation of gaps in its source variable,no (forward fill only)
lag_1_max_speed_tekirdag_vertical,Tekirdağ max v (t−1),neighbour_eng:tekirdag,day t−1,yes (00:00 local time after day t closes),before or at the origin,only through bidirectional interpolation of gaps in its source variable,no (forward fill only)
lag_1_mean_speed_corlu_horizontal,Çorlu mean u (t−1),neighbour_eng:corlu,day t−1,yes (00:00 local time after day t closes),before or at the origin,only through bidirectional interpolation of gaps in its source variable,no (forward fill only)
lag_1_max_speed_corlu_horizontal,Çorlu max u (t−1),neighbour_eng:corlu,day t−1,yes (00:00 local time after day t closes),before or at the origin,only through bidirectional interpolation of gaps in its source variable,no (forward fill only)
lag_1_mean_speed_corlu_vertical,Çorlu mean v (t−1),neighbour_eng:corlu,day t−1,yes (00:00 local time after day t closes),before or at the origin,only through bidirectional interpolation of gaps in its source variable,no (forward fill only)
lag_1_max_speed_corlu_vertical,Çorlu max v (t−1),neighbour_eng:corlu,day t−1,yes (00:00 local time after day t closes),before or at the origin,only through bidirectional interpolation of gaps in its source variable,no (forward fill only)
lag_1_mean_speed_meric_horizontal,Meriç mean u (t−1),neighbour_eng:meric,day t−1,yes (00:00 local time after day t closes),before or at the origin,only through bidirectional interpolation of gaps in its source variable,no (forward fill only)
lag_1_max_speed_meric_horizontal,Meriç max u (t−1),neighbour_eng:meric,day t−1,yes (00:00 local time after day t closes),before or at the origin,only through bidirectional interpolation of gaps in its source variable,no (forward fill only)
lag_1_mean_speed_meric_vertical,Meriç mean v (t−1),neighbour_eng:meric,day t−1,yes (00:00 local time after day t closes),before or at the origin,only through bidirectional interpolation of gaps in its source variable,no (forward fill only)
lag_1_max_speed_meric_vertical,Meriç max v (t−1),neighbour_eng:meric,day t−1,yes (00:00 local time after day t closes),before or at the origin,only through bidirectional interpolation of gaps in its source variable,no (forward fill only)
lag_1_mean_speed_kesan_horizontal,Keşan mean u (t−1),neighbour_eng:kesan,day t−1,yes (00:00 local time after day t closes),before or at the origin,only through bidirectional interpolation of gaps in its source variable,no (forward fill only)
lag_1_max_speed_kesan_horizontal,Keşan max u (t−1),neighbour_eng:kesan,day t−1,yes (00:00 local time after day t closes),before or at the origin,only through bidirectional interpolation of gaps in its source variable,no (forward fill only)
lag_1_mean_speed_kesan_vertical,Keşan mean v (t−1),neighbour_eng:kesan,day t−1,yes (00:00 local time after day t closes),before or at the origin,only through bidirectional interpolation of gaps in its source variable,no (forward fill only)
lag_1_max_speed_kesan_vertical,Keşan max v (t−1),neighbour_eng:kesan,day t−1,yes (00:00 local time after day t closes),before or at the origin,only through bidirectional interpolation of gaps in its source variable,no (forward fill only)
lag_1_mean_speed_cerkezkoy_horizontal,Çerkezköy mean u (t−1),neighbour_eng:cerkezkoy,day t−1,yes (00:00 local time after day t closes),before or at the origin,only through bidirectional interpolation of gaps in its source variable,no (forward fill only)
lag_1_max_speed_cerkezkoy_horizontal,Çerkezköy max u (t−1),neighbour_eng:cerkezkoy,day t−1,yes (00:00 local time after day t closes),before or at the origin,only through bidirectional interpolation of gaps in its source variable,no (forward fill only)
lag_1_mean_speed_cerkezkoy_vertical,Çerkezköy mean v (t−1),neighbour_eng:cerkezkoy,day t−1,yes (00:00 local time after day t closes),before or at the origin,only through bidirectional interpolation of gaps in its source variable,no (forward fill only)
lag_1_max_speed_cerkezkoy_vertical,Çerkezköy max v (t−1),neighbour_eng:cerkezkoy,day t−1,yes (00:00 local time after day t closes),before or at the origin,only through bidirectional interpolation of gaps in its source variable,no (forward fill only)
lag_1_mean_speed_muratli_horizontal,Muratlı mean u (t−1),neighbour_eng:muratli,day t−1,yes (00:00 local time after day t closes),before or at the origin,only through bidirectional interpolation of gaps in its source variable,no (forward fill only)
lag_1_max_speed_muratli_horizontal,Muratlı max u (t−1),neighbour_eng:muratli,day t−1,yes (00:00 local time after day t closes),before or at the origin,only through bidirectional interpolation of gaps in its source variable,no (forward fill only)
lag_1_mean_speed_muratli_vertical,Muratlı mean v (t−1),neighbour_eng:muratli,day t−1,yes (00:00 local time after day t closes),before or at the origin,only through bidirectional interpolation of gaps in its source variable,no (forward fill only)
lag_1_max_speed_muratli_vertical,Muratlı max v (t−1),neighbour_eng:muratli,day t−1,yes (00:00 local time after day t closes),before or at the origin,only through bidirectional interpolation of gaps in its source variable,no (forward fill only)
lag_1_mean_speed_ipsala_horizontal,İpsala mean u (t−1),neighbour_eng:ipsala,day t−1,yes (00:00 local time after day t closes),before or at the origin,only through bidirectional interpolation of gaps in its source variable,no (forward fill only)
lag_1_max_speed_ipsala_horizontal,İpsala max u (t−1),neighbour_eng:ipsala,day t−1,yes (00:00 local time after day t closes),before or at the origin,only through bidirectional interpolation of gaps in its source variable,no (forward fill only)
lag_1_mean_speed_ipsala_vertical,İpsala mean v (t−1),neighbour_eng:ipsala,day t−1,yes (00:00 local time after day t closes),before or at the origin,only through bidirectional interpolation of gaps in its source variable,no (forward fill only)
lag_1_max_speed_ipsala_vertical,İpsala max v (t−1),neighbour_eng:ipsala,day t−1,yes (00:00 local time after day t closes),before or at the origin,only through bidirectional interpolation of gaps in its source variable,no (forward fill only)
lag_1_mean_speed_enez_horizontal,Enez mean u (t−1),neighbour_eng:enez,day t−1,yes (00:00 local time after day t closes),before or at the origin,only through bidirectional interpolation of gaps in its source variable,no (forward fill only)
lag_1_max_speed_enez_horizontal,Enez max u (t−1),neighbour_eng:enez,day t−1,yes (00:00 local time after day t closes),before or at the origin,only through bidirectional interpolation of gaps in its source variable,no (forward fill only)
lag_1_mean_speed_enez_vertical,Enez mean v (t−1),neighbour_eng:enez,day t−1,yes (00:00 local time after day t closes),before or at the origin,only through bidirectional interpolation of gaps in its source variable,no (forward fill only)
lag_1_max_speed_enez_vertical,Enez max v (t−1),neighbour_eng:enez,day t−1,yes (00:00 local time after day t closes),before or at the origin,only through bidirectional interpolation of gaps in its source variable,no (forward fill only)
lag_1_mean_speed_malkara_horizontal,Malkara mean u (t−1),neighbour_eng:malkara,day t−1,yes (00:00 local time after day t closes),before or at the origin,only through bidirectional interpolation of gaps in its source variable,no (forward fill only)
lag_1_max_speed_malkara_horizontal,Malkara max u (t−1),neighbour_eng:malkara,day t−1,yes (00:00 local time after day t closes),before or at the origin,only through bidirectional interpolation of gaps in its source variable,no (forward fill only)
lag_1_mean_speed_malkara_vertical,Malkara mean v (t−1),neighbour_eng:malkara,day t−1,yes (00:00 local time after day t closes),before or at the origin,only through bidirectional interpolation of gaps in its source variable,no (forward fill only)
lag_1_max_speed_malkara_vertical,Malkara max v (t−1),neighbour_eng:malkara,day t−1,yes (00:00 local time after day t closes),before or at the origin,only through bidirectional interpolation of gaps in its source variable,no (forward fill only)
lag_1_mean_speed_uzunkopru_horizontal,Uzunköprü mean u (t−1),neighbour_eng:uzunkopru,day t−1,yes (00:00 local time after day t closes),before or at the origin,only through bidirectional interpolation of gaps in its source variable,no (forward fill only)
lag_1_max_speed_uzunkopru_horizontal,Uzunköprü max u (t−1),neighbour_eng:uzunkopru,day t−1,yes (00:00 local time after day t closes),before or at the origin,only through bidirectional interpolation of gaps in its source variable,no (forward fill only)
lag_1_mean_speed_uzunkopru_vertical,Uzunköprü mean v (t−1),neighbour_eng:uzunkopru,day t−1,yes (00:00 local time after day t closes),before or at the origin,only through bidirectional interpolation of gaps in its source variable,no (forward fill only)
lag_1_max_speed_uzunkopru_vertical,Uzunköprü max v (t−1),neighbour_eng:uzunkopru,day t−1,yes (00:00 local time after day t closes),before or at the origin,only through bidirectional interpolation of gaps in its source variable,no (forward fill only)
lag_1_mean_speed_saray_horizontal,Saray mean u (t−1),neighbour_eng:saray,day t−1,yes (00:00 local time after day t closes),before or at the origin,only through bidirectional interpolation of gaps in its source variable,no (forward fill only)
lag_1_max_speed_saray_horizontal,Saray max u (t−1),neighbour_eng:saray,day t−1,yes (00:00 local time after day t closes),before or at the origin,only through bidirectional interpolation of gaps in its source variable,no (forward fill only)
lag_1_mean_speed_saray_vertical,Saray mean v (t−1),neighbour_eng:saray,day t−1,yes (00:00 local time after day t closes),before or at the origin,only through bidirectional interpolation of gaps in its source variable,no (forward fill only)
lag_1_max_speed_saray_vertical,Saray max v (t−1),neighbour_eng:saray,day t−1,yes (00:00 local time after day t closes),before or at the origin,only through bidirectional interpolation of gaps in its source variable,no (forward fill only)
lag_1_mean_speed_marmara_horizontal,Marmara Ereğlisi mean u (t−1),neighbour_eng:marmara,day t−1,yes (00:00 local time after day t closes),before or at the origin,only through bidirectional interpolation of gaps in its source variable,no (forward fill only)
lag_1_max_speed_marmara_horizontal,Marmara Ereğlisi max u (t−1),neighbour_eng:marmara,day t−1,yes (00:00 local time after day t closes),before or at the origin,only through bidirectional interpolation of gaps in its source variable,no (forward fill only)
lag_1_mean_speed_marmara_vertical,Marmara Ereğlisi mean v (t−1),neighbour_eng:marmara,day t−1,yes (00:00 local time after day t closes),before or at the origin,only through bidirectional interpolation of gaps in its source variable,no (forward fill only)
lag_1_max_speed_marmara_vertical,Marmara Ereğlisi max v (t−1),neighbour_eng:marmara,day t−1,yes (00:00 local time after day t closes),before or at the origin,only through bidirectional interpolation of gaps in its source variable,no (forward fill only)
lag_1_mean_speed_edirne_horizontal,Edirne mean u (t−1),neighbour_eng:edirne,day t−1,yes (00:00 local time after day t closes),before or at the origin,only through bidirectional interpolation of gaps in its source variable,no (forward fill only)
lag_1_max_speed_edirne_horizontal,Edirne max u (t−1),neighbour_eng:edirne,day t−1,yes (00:00 local time after day t closes),before or at the origin,only through bidirectional interpolation of gaps in its source variable,no (forward fill only)
lag_1_mean_speed_edirne_vertical,Edirne mean v (t−1),neighbour_eng:edirne,day t−1,yes (00:00 local time after day t closes),before or at the origin,only through bidirectional interpolation of gaps in its source variable,no (forward fill only)
lag_1_max_speed_edirne_vertical,Edirne max v (t−1),neighbour_eng:edirne,day t−1,yes (00:00 local time after day t closes),before or at the origin,only through bidirectional interpolation of gaps in its source variable,no (forward fill only)
lag_1_mean_speed_hayrabolu_horizontal,Hayrabolu mean u (t−1),neighbour_eng:hayrabolu,day t−1,yes (00:00 local time after day t closes),before or at the origin,only through bidirectional interpolation of gaps in its source variable,no (forward fill only)
lag_1_max_speed_hayrabolu_horizontal,Hayrabolu max u (t−1),neighbour_eng:hayrabolu,day t−1,yes (00:00 local time after day t closes),before or at the origin,only through bidirectional interpolation of gaps in its source variable,no (forward fill only)
lag_1_mean_speed_hayrabolu_vertical,Hayrabolu mean v (t−1),neighbour_eng:hayrabolu,day t−1,yes (00:00 local time after day t closes),before or at the origin,only through bidirectional interpolation of gaps in its source variable,no (forward fill only)
lag_1_max_speed_hayrabolu_vertical,Hayrabolu max v (t−1),neighbour_eng:hayrabolu,day t−1,yes (00:00 local time after day t closes),before or at the origin,only through bidirectional interpolation of gaps in its source variable,no (forward fill only)
hum_diff_sarkoy_ganos,Hum diff sarkoy ganos,ganos,day t,yes (00:00 local time after day t closes),before or at the origin,only through bidirectional interpolation of gaps in its source variable,no (forward fill only)
temp_diff_sarkoy_ganos_lag_1,Temp diff sarkoy ganos lag 1,ganos,day t−1,yes (00:00 local time after day t closes),before or at the origin,only through bidirectional interpolation of gaps in its source variable,no (forward fill only)
temp_diff_sarkoy_ganos_lag_2,Temp diff sarkoy ganos lag 2,ganos,day t−2,yes (00:00 local time after day t closes),before or at the origin,only through bidirectional interpolation of gaps in its source variable,no (forward fill only)
hum_diff_sarkoy_ganos_lag_1,Hum diff sarkoy ganos lag 1,ganos,day t−1,yes (00:00 local time after day t closes),before or at the origin,only through bidirectional interpolation of gaps in its source variable,no (forward fill only)
hum_diff_sarkoy_ganos_lag_2,Hum diff sarkoy ganos lag 2,ganos,day t−2,yes (00:00 local time after day t closes),before or at the origin,only through bidirectional interpolation of gaps in its source variable,no (forward fill only)
mean_wind_speed_roll_3_volatility,Mean wind speed roll 3 volatility,local_wind_eng,trailing 3 days (ends on day t),yes (00:00 local time after day t closes),before or at the origin,only through bidirectional interpolation of gaps in its source variable,no (forward fill only)
mean_wind_speed_ema_3,Mean wind speed ema 3,local_wind_eng,trailing 3 days (ends on day t),yes (00:00 local time after day t closes),before or at the origin,only through bidirectional interpolation of gaps in its source variable,no (forward fill only)
mean_wind_speed_roll_7_volatility,Mean wind speed roll 7 volatility,local_wind_eng,trailing 7 days (ends on day t),yes (00:00 local time after day t closes),before or at the origin,only through bidirectional interpolation of gaps in its source variable,no (forward fill only)
mean_wind_speed_ema_7,Mean wind speed ema 7,local_wind_eng,trailing 7 days (ends on day t),yes (00:00 local time after day t closes),before or at the origin,only through bidirectional interpolation of gaps in its source variable,no (forward fill only)
mean_wind_speed_dev_from_ema_7,Mean wind speed dev from ema 7,local_wind_eng,trailing 7 days (ends on day t),yes (00:00 local time after day t closes),before or at the origin,only through bidirectional interpolation of gaps in its source variable,no (forward fill only)
mean_wind_speed_roll_14_volatility,Mean wind speed roll 14 volatility,local_wind_eng,trailing 14 days (ends on day t),yes (00:00 local time after day t closes),before or at the origin,only through bidirectional interpolation of gaps in its source variable,no (forward fill only)
mean_wind_speed_ema_14,Mean wind speed ema 14,local_wind_eng,trailing 14 days (ends on day t),yes (00:00 local time after day t closes),before or at the origin,only through bidirectional interpolation of gaps in its source variable,no (forward fill only)
mean_wind_speed_dev_from_ema_14,Mean wind speed dev from ema 14,local_wind_eng,trailing 14 days (ends on day t),yes (00:00 local time after day t closes),before or at the origin,only through bidirectional interpolation of gaps in its source variable,no (forward fill only)
mean_wind_speed_roll_21_volatility,Mean wind speed roll 21 volatility,local_wind_eng,trailing 21 days (ends on day t),yes (00:00 local time after day t closes),before or at the origin,only through bidirectional interpolation of gaps in its source variable,no (forward fill only)
mean_wind_speed_ema_21,Mean wind speed ema 21,local_wind_eng,trailing 21 days (ends on day t),yes (00:00 local time after day t closes),before or at the origin,only through bidirectional interpolation of gaps in its source variable,no (forward fill only)
mean_wind_speed_dev_from_ema_21,Mean wind speed dev from ema 21,local_wind_eng,trailing 21 days (ends on day t),yes (00:00 local time after day t closes),before or at the origin,only through bidirectional interpolation of gaps in its source variable,no (forward fill only)
mean_wind_speed_roll_30_volatility,Mean wind speed roll 30 volatility,local_wind_eng,trailing 30 days (ends on day t),yes (00:00 local time after day t closes),before or at the origin,only through bidirectional interpolation of gaps in its source variable,no (forward fill only)
mean_wind_speed_ema_30,Mean wind speed ema 30,local_wind_eng,trailing 30 days (ends on day t),yes (00:00 local time after day t closes),before or at the origin,only through bidirectional interpolation of gaps in its source variable,no (forward fill only)
mean_wind_speed_dev_from_ema_30,Mean wind speed dev from ema 30,local_wind_eng,trailing 30 days (ends on day t),yes (00:00 local time after day t closes),before or at the origin,only through bidirectional interpolation of gaps in its source variable,no (forward fill only)
log_mean_wind_speed,Log mean wind speed,local_wind_eng,day t,yes (00:00 local time after day t closes),before or at the origin,only through bidirectional interpolation of gaps in its source variable,no (forward fill only)
wind_season_sin_interaction,Wind season sin interaction,local_wind_eng,day t,yes (00:00 local time after day t closes),before or at the origin,only through bidirectional interpolation of gaps in its source variable,no (forward fill only)
wind_season_cos_interaction,Wind season cos interaction,local_wind_eng,day t,yes (00:00 local time after day t closes),before or at the origin,only through bidirectional interpolation of gaps in its source variable,no (forward fill only)
corr_sarkoy_havsa_horizontal,7-d corr. Şarköy–Havsa u,neighbour_eng:havsa,trailing 7 days (ends on day t),yes (00:00 local time after day t closes),before or at the origin,only through bidirectional interpolation of gaps in its source variable,no (forward fill only)
corr_sarkoy_lalapasa_horizontal,7-d corr. Şarköy–Lalapaşa u,neighbour_eng:lalapasa,trailing 7 days (ends on day t),yes (00:00 local time after day t closes),before or at the origin,only through bidirectional interpolation of gaps in its source variable,no (forward fill only)
corr_sarkoy_tekirdag_horizontal,7-d corr. Şarköy–Tekirdağ u,neighbour_eng:tekirdag,trailing 7 days (ends on day t),yes (00:00 local time after day t closes),before or at the origin,only through bidirectional interpolation of gaps in its source variable,no (forward fill only)
corr_sarkoy_corlu_horizontal,7-d corr. Şarköy–Çorlu u,neighbour_eng:corlu,trailing 7 days (ends on day t),yes (00:00 local time after day t closes),before or at the origin,only through bidirectional interpolation of gaps in its source variable,no (forward fill only)
corr_sarkoy_meric_horizontal,7-d corr. Şarköy–Meriç u,neighbour_eng:meric,trailing 7 days (ends on day t),yes (00:00 local time after day t closes),before or at the origin,only through bidirectional interpolation of gaps in its source variable,no (forward fill only)
corr_sarkoy_kesan_horizontal,7-d corr. Şarköy–Keşan u,neighbour_eng:kesan,trailing 7 days (ends on day t),yes (00:00 local time after day t closes),before or at the origin,only through bidirectional interpolation of gaps in its source variable,no (forward fill only)
corr_sarkoy_cerkezkoy_horizontal,7-d corr. Şarköy–Çerkezköy u,neighbour_eng:cerkezkoy,trailing 7 days (ends on day t),yes (00:00 local time after day t closes),before or at the origin,only through bidirectional interpolation of gaps in its source variable,no (forward fill only)
corr_sarkoy_muratli_horizontal,7-d corr. Şarköy–Muratlı u,neighbour_eng:muratli,trailing 7 days (ends on day t),yes (00:00 local time after day t closes),before or at the origin,only through bidirectional interpolation of gaps in its source variable,no (forward fill only)
corr_sarkoy_ipsala_horizontal,7-d corr. Şarköy–İpsala u,neighbour_eng:ipsala,trailing 7 days (ends on day t),yes (00:00 local time after day t closes),before or at the origin,only through bidirectional interpolation of gaps in its source variable,no (forward fill only)
corr_sarkoy_enez_horizontal,7-d corr. Şarköy–Enez u,neighbour_eng:enez,trailing 7 days (ends on day t),yes (00:00 local time after day t closes),before or at the origin,only through bidirectional interpolation of gaps in its source variable,no (forward fill only)
corr_sarkoy_malkara_horizontal,7-d corr. Şarköy–Malkara u,neighbour_eng:malkara,trailing 7 days (ends on day t),yes (00:00 local time after day t closes),before or at the origin,only through bidirectional interpolation of gaps in its source variable,no (forward fill only)
corr_sarkoy_uzunkopru_horizontal,7-d corr. Şarköy–Uzunköprü u,neighbour_eng:uzunkopru,trailing 7 days (ends on day t),yes (00:00 local time after day t closes),before or at the origin,only through bidirectional interpolation of gaps in its source variable,no (forward fill only)
corr_sarkoy_saray_horizontal,7-d corr. Şarköy–Saray u,neighbour_eng:saray,trailing 7 days (ends on day t),yes (00:00 local time after day t closes),before or at the origin,only through bidirectional interpolation of gaps in its source variable,no (forward fill only)
corr_sarkoy_marmara_horizontal,7-d corr. Şarköy–Marmara Ereğlisi u,neighbour_eng:marmara,trailing 7 days (ends on day t),yes (00:00 local time after day t closes),before or at the origin,only through bidirectional interpolation of gaps in its source variable,no (forward fill only)
corr_sarkoy_edirne_horizontal,7-d corr. Şarköy–Edirne u,neighbour_eng:edirne,trailing 7 days (ends on day t),yes (00:00 local time after day t closes),before or at the origin,only through bidirectional interpolation of gaps in its source variable,no (forward fill only)
corr_sarkoy_hayrabolu_horizontal,7-d corr. Şarköy–Hayrabolu u,neighbour_eng:hayrabolu,trailing 7 days (ends on day t),yes (00:00 local time after day t closes),before or at the origin,only through bidirectional interpolation of gaps in its source variable,no (forward fill only)
cube_mean_wind_speed,Cube mean wind speed,local_wind_eng,day t,yes (00:00 local time after day t closes),before or at the origin,only through bidirectional interpolation of gaps in its source variable,no (forward fill only)
pressure_humidity_interaction,Pressure humidity interaction,local_met_eng,day t,yes (00:00 local time after day t closes),before or at the origin,only through bidirectional interpolation of gaps in its source variable,no (forward fill only)
vol_season_sin_3,Vol season sin 3,local_met_eng,trailing 3 days (ends on day t),yes (00:00 local time after day t closes),before or at the origin,only through bidirectional interpolation of gaps in its source variable,no (forward fill only)
vol_season_cos_3,Vol season cos 3,local_met_eng,trailing 3 days (ends on day t),yes (00:00 local time after day t closes),before or at the origin,only through bidirectional interpolation of gaps in its source variable,no (forward fill only)
vol_season_sin_30,Vol season sin 30,local_met_eng,trailing 30 days (ends on day t),yes (00:00 local time after day t closes),before or at the origin,only through bidirectional interpolation of gaps in its source variable,no (forward fill only)
vol_season_cos_30,Vol season cos 30,local_met_eng,trailing 30 days (ends on day t),yes (00:00 local time after day t closes),before or at the origin,only through bidirectional interpolation of gaps in its source variable,no (forward fill only)
wind_speed_ratio,Wind speed ratio,local_wind_eng,day t,yes (00:00 local time after day t closes),before or at the origin,only through bidirectional interpolation of gaps in its source variable,no (forward fill only)
temp_precip_interaction,Temp precip interaction,local_met_eng,day t,yes (00:00 local time after day t closes),before or at the origin,only through bidirectional interpolation of gaps in its source variable,no (forward fill only)
sarkoy_mean_wind_dir_cat_E,Sarkoy mean wind dir cat E,local_direction,day t,yes (00:00 local time after day t closes),before or at the origin,only through bidirectional interpolation of gaps in its source variable,no (forward fill only)
sarkoy_mean_wind_dir_cat_N,Sarkoy mean wind dir cat N,local_direction,day t,yes (00:00 local time after day t closes),before or at the origin,only through bidirectional interpolation of gaps in its source variable,no (forward fill only)
sarkoy_mean_wind_dir_cat_NE,Sarkoy mean wind dir cat NE,local_direction,day t,yes (00:00 local time after day t closes),before or at the origin,only through bidirectional interpolation of gaps in its source variable,no (forward fill only)
sarkoy_mean_wind_dir_cat_NW,Sarkoy mean wind dir cat NW,local_direction,day t,yes (00:00 local time after day t closes),before or at the origin,only through bidirectional interpolation of gaps in its source variable,no (forward fill only)
sarkoy_mean_wind_dir_cat_S,Sarkoy mean wind dir cat S,local_direction,day t,yes (00:00 local time after day t closes),before or at the origin,only through bidirectional interpolation of gaps in its source variable,no (forward fill only)
sarkoy_mean_wind_dir_cat_SE,Sarkoy mean wind dir cat SE,local_direction,day t,yes (00:00 local time after day t closes),before or at the origin,only through bidirectional interpolation of gaps in its source variable,no (forward fill only)
sarkoy_mean_wind_dir_cat_SW,Sarkoy mean wind dir cat SW,local_direction,day t,yes (00:00 local time after day t closes),before or at the origin,only through bidirectional interpolation of gaps in its source variable,no (forward fill only)
sarkoy_mean_wind_dir_cat_W,Sarkoy mean wind dir cat W,local_direction,day t,yes (00:00 local time after day t closes),before or at the origin,only through bidirectional interpolation of gaps in its source variable,no (forward fill only)
lag1_sarkoy_mean_wind_dir_cat_E,Lag1 sarkoy mean wind dir cat E,local_direction,day t−1,yes (00:00 local time after day t closes),before or at the origin,only through bidirectional interpolation of gaps in its source variable,no (forward fill only)
lag1_sarkoy_mean_wind_dir_cat_N,Lag1 sarkoy mean wind dir cat N,local_direction,day t−1,yes (00:00 local time after day t closes),before or at the origin,only through bidirectional interpolation of gaps in its source variable,no (forward fill only)
lag1_sarkoy_mean_wind_dir_cat_NE,Lag1 sarkoy mean wind dir cat NE,local_direction,day t−1,yes (00:00 local time after day t closes),before or at the origin,only through bidirectional interpolation of gaps in its source variable,no (forward fill only)
lag1_sarkoy_mean_wind_dir_cat_NW,Lag1 sarkoy mean wind dir cat NW,local_direction,day t−1,yes (00:00 local time after day t closes),before or at the origin,only through bidirectional interpolation of gaps in its source variable,no (forward fill only)
lag1_sarkoy_mean_wind_dir_cat_S,Lag1 sarkoy mean wind dir cat S,local_direction,day t−1,yes (00:00 local time after day t closes),before or at the origin,only through bidirectional interpolation of gaps in its source variable,no (forward fill only)
lag1_sarkoy_mean_wind_dir_cat_SE,Lag1 sarkoy mean wind dir cat SE,local_direction,day t−1,yes (00:00 local time after day t closes),before or at the origin,only through bidirectional interpolation of gaps in its source variable,no (forward fill only)
lag1_sarkoy_mean_wind_dir_cat_SW,Lag1 sarkoy mean wind dir cat SW,local_direction,day t−1,yes (00:00 local time after day t closes),before or at the origin,only through bidirectional interpolation of gaps in its source variable,no (forward fill only)
lag1_sarkoy_mean_wind_dir_cat_W,Lag1 sarkoy mean wind dir cat W,local_direction,day t−1,yes (00:00 local time after day t closes),before or at the origin,only through bidirectional interpolation of gaps in its source variable,no (forward fill only)
wind_dir_cat_concat_E_E,Wind dir cat concat E E,local_direction,day t,yes (00:00 local time after day t closes),before or at the origin,only through bidirectional interpolation of gaps in its source variable,no (forward fill only)
wind_dir_cat_concat_E_N,Wind dir cat concat E N,local_direction,day t,yes (00:00 local time after day t closes),before or at the origin,only through bidirectional interpolation of gaps in its source variable,no (forward fill only)
wind_dir_cat_concat_E_NE,Wind dir cat concat E NE,local_direction,day t,yes (00:00 local time after day t closes),before or at the origin,only through bidirectional interpolation of gaps in its source variable,no (forward fill only)
wind_dir_cat_concat_E_NW,Wind dir cat concat E NW,local_direction,day t,yes (00:00 local time after day t closes),before or at the origin,only through bidirectional interpolation of gaps in its source variable,no (forward fill only)
wind_dir_cat_concat_E_S,Wind dir cat concat E S,local_direction,day t,yes (00:00 local time after day t closes),before or at the origin,only through bidirectional interpolation of gaps in its source variable,no (forward fill only)
wind_dir_cat_concat_E_SE,Wind dir cat concat E SE,local_direction,day t,yes (00:00 local time after day t closes),before or at the origin,only through bidirectional interpolation of gaps in its source variable,no (forward fill only)
wind_dir_cat_concat_E_SW,Wind dir cat concat E SW,local_direction,day t,yes (00:00 local time after day t closes),before or at the origin,only through bidirectional interpolation of gaps in its source variable,no (forward fill only)
wind_dir_cat_concat_E_W,Wind dir cat concat E W,local_direction,day t,yes (00:00 local time after day t closes),before or at the origin,only through bidirectional interpolation of gaps in its source variable,no (forward fill only)
wind_dir_cat_concat_NE_E,Wind dir cat concat NE E,local_direction,day t,yes (00:00 local time after day t closes),before or at the origin,only through bidirectional interpolation of gaps in its source variable,no (forward fill only)
wind_dir_cat_concat_NE_N,Wind dir cat concat NE N,local_direction,day t,yes (00:00 local time after day t closes),before or at the origin,only through bidirectional interpolation of gaps in its source variable,no (forward fill only)
wind_dir_cat_concat_NE_NE,Wind dir cat concat NE NE,local_direction,day t,yes (00:00 local time after day t closes),before or at the origin,only through bidirectional interpolation of gaps in its source variable,no (forward fill only)
wind_dir_cat_concat_NE_NW,Wind dir cat concat NE NW,local_direction,day t,yes (00:00 local time after day t closes),before or at the origin,only through bidirectional interpolation of gaps in its source variable,no (forward fill only)
wind_dir_cat_concat_NE_S,Wind dir cat concat NE S,local_direction,day t,yes (00:00 local time after day t closes),before or at the origin,only through bidirectional interpolation of gaps in its source variable,no (forward fill only)
wind_dir_cat_concat_NE_SE,Wind dir cat concat NE SE,local_direction,day t,yes (00:00 local time after day t closes),before or at the origin,only through bidirectional interpolation of gaps in its source variable,no (forward fill only)
wind_dir_cat_concat_NE_SW,Wind dir cat concat NE SW,local_direction,day t,yes (00:00 local time after day t closes),before or at the origin,only through bidirectional interpolation of gaps in its source variable,no (forward fill only)
wind_dir_cat_concat_NE_W,Wind dir cat concat NE W,local_direction,day t,yes (00:00 local time after day t closes),before or at the origin,only through bidirectional interpolation of gaps in its source variable,no (forward fill only)
wind_dir_cat_concat_NW_E,Wind dir cat concat NW E,local_direction,day t,yes (00:00 local time after day t closes),before or at the origin,only through bidirectional interpolation of gaps in its source variable,no (forward fill only)
wind_dir_cat_concat_NW_N,Wind dir cat concat NW N,local_direction,day t,yes (00:00 local time after day t closes),before or at the origin,only through bidirectional interpolation of gaps in its source variable,no (forward fill only)
wind_dir_cat_concat_NW_NE,Wind dir cat concat NW NE,local_direction,day t,yes (00:00 local time after day t closes),before or at the origin,only through bidirectional interpolation of gaps in its source variable,no (forward fill only)
wind_dir_cat_concat_NW_NW,Wind dir cat concat NW NW,local_direction,day t,yes (00:00 local time after day t closes),before or at the origin,only through bidirectional interpolation of gaps in its source variable,no (forward fill only)
wind_dir_cat_concat_NW_S,Wind dir cat concat NW S,local_direction,day t,yes (00:00 local time after day t closes),before or at the origin,only through bidirectional interpolation of gaps in its source variable,no (forward fill only)
wind_dir_cat_concat_NW_SE,Wind dir cat concat NW SE,local_direction,day t,yes (00:00 local time after day t closes),before or at the origin,only through bidirectional interpolation of gaps in its source variable,no (forward fill only)
wind_dir_cat_concat_NW_SW,Wind dir cat concat NW SW,local_direction,day t,yes (00:00 local time after day t closes),before or at the origin,only through bidirectional interpolation of gaps in its source variable,no (forward fill only)
wind_dir_cat_concat_NW_W,Wind dir cat concat NW W,local_direction,day t,yes (00:00 local time after day t closes),before or at the origin,only through bidirectional interpolation of gaps in its source variable,no (forward fill only)
wind_dir_cat_concat_N_E,Wind dir cat concat N E,local_direction,day t,yes (00:00 local time after day t closes),before or at the origin,only through bidirectional interpolation of gaps in its source variable,no (forward fill only)
wind_dir_cat_concat_N_N,Wind dir cat concat N N,local_direction,day t,yes (00:00 local time after day t closes),before or at the origin,only through bidirectional interpolation of gaps in its source variable,no (forward fill only)
wind_dir_cat_concat_N_NE,Wind dir cat concat N NE,local_direction,day t,yes (00:00 local time after day t closes),before or at the origin,only through bidirectional interpolation of gaps in its source variable,no (forward fill only)
wind_dir_cat_concat_N_NW,Wind dir cat concat N NW,local_direction,day t,yes (00:00 local time after day t closes),before or at the origin,only through bidirectional interpolation of gaps in its source variable,no (forward fill only)
wind_dir_cat_concat_N_S,Wind dir cat concat N S,local_direction,day t,yes (00:00 local time after day t closes),before or at the origin,only through bidirectional interpolation of gaps in its source variable,no (forward fill only)
wind_dir_cat_concat_N_SE,Wind dir cat concat N SE,local_direction,day t,yes (00:00 local time after day t closes),before or at the origin,only through bidirectional interpolation of gaps in its source variable,no (forward fill only)
wind_dir_cat_concat_N_SW,Wind dir cat concat N SW,local_direction,day t,yes (00:00 local time after day t closes),before or at the origin,only through bidirectional interpolation of gaps in its source variable,no (forward fill only)
wind_dir_cat_concat_N_W,Wind dir cat concat N W,local_direction,day t,yes (00:00 local time after day t closes),before or at the origin,only through bidirectional interpolation of gaps in its source variable,no (forward fill only)
wind_dir_cat_concat_SE_E,Wind dir cat concat SE E,local_direction,day t,yes (00:00 local time after day t closes),before or at the origin,only through bidirectional interpolation of gaps in its source variable,no (forward fill only)
wind_dir_cat_concat_SE_N,Wind dir cat concat SE N,local_direction,day t,yes (00:00 local time after day t closes),before or at the origin,only through bidirectional interpolation of gaps in its source variable,no (forward fill only)
wind_dir_cat_concat_SE_NE,Wind dir cat concat SE NE,local_direction,day t,yes (00:00 local time after day t closes),before or at the origin,only through bidirectional interpolation of gaps in its source variable,no (forward fill only)
wind_dir_cat_concat_SE_NW,Wind dir cat concat SE NW,local_direction,day t,yes (00:00 local time after day t closes),before or at the origin,only through bidirectional interpolation of gaps in its source variable,no (forward fill only)
wind_dir_cat_concat_SE_S,Wind dir cat concat SE S,local_direction,day t,yes (00:00 local time after day t closes),before or at the origin,only through bidirectional interpolation of gaps in its source variable,no (forward fill only)
wind_dir_cat_concat_SE_SW,Wind dir cat concat SE SW,local_direction,day t,yes (00:00 local time after day t closes),before or at the origin,only through bidirectional interpolation of gaps in its source variable,no (forward fill only)
wind_dir_cat_concat_SE_W,Wind dir cat concat SE W,local_direction,day t,yes (00:00 local time after day t closes),before or at the origin,only through bidirectional interpolation of gaps in its source variable,no (forward fill only)
wind_dir_cat_concat_SW_E,Wind dir cat concat SW E,local_direction,day t,yes (00:00 local time after day t closes),before or at the origin,only through bidirectional interpolation of gaps in its source variable,no (forward fill only)
wind_dir_cat_concat_SW_N,Wind dir cat concat SW N,local_direction,day t,yes (00:00 local time after day t closes),before or at the origin,only through bidirectional interpolation of gaps in its source variable,no (forward fill only)
wind_dir_cat_concat_SW_NE,Wind dir cat concat SW NE,local_direction,day t,yes (00:00 local time after day t closes),before or at the origin,only through bidirectional interpolation of gaps in its source variable,no (forward fill only)
wind_dir_cat_concat_SW_NW,Wind dir cat concat SW NW,local_direction,day t,yes (00:00 local time after day t closes),before or at the origin,only through bidirectional interpolation of gaps in its source variable,no (forward fill only)
wind_dir_cat_concat_SW_S,Wind dir cat concat SW S,local_direction,day t,yes (00:00 local time after day t closes),before or at the origin,only through bidirectional interpolation of gaps in its source variable,no (forward fill only)
wind_dir_cat_concat_SW_SW,Wind dir cat concat SW SW,local_direction,day t,yes (00:00 local time after day t closes),before or at the origin,only through bidirectional interpolation of gaps in its source variable,no (forward fill only)
wind_dir_cat_concat_SW_W,Wind dir cat concat SW W,local_direction,day t,yes (00:00 local time after day t closes),before or at the origin,only through bidirectional interpolation of gaps in its source variable,no (forward fill only)
wind_dir_cat_concat_S_E,Wind dir cat concat S E,local_direction,day t,yes (00:00 local time after day t closes),before or at the origin,only through bidirectional interpolation of gaps in its source variable,no (forward fill only)
wind_dir_cat_concat_S_N,Wind dir cat concat S N,local_direction,day t,yes (00:00 local time after day t closes),before or at the origin,only through bidirectional interpolation of gaps in its source variable,no (forward fill only)
wind_dir_cat_concat_S_NE,Wind dir cat concat S NE,local_direction,day t,yes (00:00 local time after day t closes),before or at the origin,only through bidirectional interpolation of gaps in its source variable,no (forward fill only)
wind_dir_cat_concat_S_NW,Wind dir cat concat S NW,local_direction,day t,yes (00:00 local time after day t closes),before or at the origin,only through bidirectional interpolation of gaps in its source variable,no (forward fill only)
wind_dir_cat_concat_S_S,Wind dir cat concat S S,local_direction,day t,yes (00:00 local time after day t closes),before or at the origin,only through bidirectional interpolation of gaps in its source variable,no (forward fill only)
wind_dir_cat_concat_S_SE,Wind dir cat concat S SE,local_direction,day t,yes (00:00 local time after day t closes),before or at the origin,only through bidirectional interpolation of gaps in its source variable,no (forward fill only)
wind_dir_cat_concat_S_SW,Wind dir cat concat S SW,local_direction,day t,yes (00:00 local time after day t closes),before or at the origin,only through bidirectional interpolation of gaps in its source variable,no (forward fill only)
wind_dir_cat_concat_S_W,Wind dir cat concat S W,local_direction,day t,yes (00:00 local time after day t closes),before or at the origin,only through bidirectional interpolation of gaps in its source variable,no (forward fill only)
wind_dir_cat_concat_W_E,Wind dir cat concat W E,local_direction,day t,yes (00:00 local time after day t closes),before or at the origin,only through bidirectional interpolation of gaps in its source variable,no (forward fill only)
wind_dir_cat_concat_W_N,Wind dir cat concat W N,local_direction,day t,yes (00:00 local time after day t closes),before or at the origin,only through bidirectional interpolation of gaps in its source variable,no (forward fill only)
wind_dir_cat_concat_W_NE,Wind dir cat concat W NE,local_direction,day t,yes (00:00 local time after day t closes),before or at the origin,only through bidirectional interpolation of gaps in its source variable,no (forward fill only)
wind_dir_cat_concat_W_NW,Wind dir cat concat W NW,local_direction,day t,yes (00:00 local time after day t closes),before or at the origin,only through bidirectional interpolation of gaps in its source variable,no (forward fill only)
wind_dir_cat_concat_W_S,Wind dir cat concat W S,local_direction,day t,yes (00:00 local time after day t closes),before or at the origin,only through bidirectional interpolation of gaps in its source variable,no (forward fill only)
wind_dir_cat_concat_W_SE,Wind dir cat concat W SE,local_direction,day t,yes (00:00 local time after day t closes),before or at the origin,only through bidirectional interpolation of gaps in its source variable,no (forward fill only)
wind_dir_cat_concat_W_SW,Wind dir cat concat W SW,local_direction,day t,yes (00:00 local time after day t closes),before or at the origin,only through bidirectional interpolation of gaps in its source variable,no (forward fill only)
wind_dir_cat_concat_W_W,Wind dir cat concat W W,local_direction,day t,yes (00:00 local time after day t closes),before or at the origin,only through bidirectional interpolation of gaps in its source variable,no (forward fill only)
vol_season_sin_7,Vol season sin 7,local_met_eng,trailing 7 days (ends on day t),yes (00:00 local time after day t closes),before or at the origin,only through bidirectional interpolation of gaps in its source variable,no (forward fill only)
vol_season_cos_7,Vol season cos 7,local_met_eng,trailing 7 days (ends on day t),yes (00:00 local time after day t closes),before or at the origin,only through bidirectional interpolation of gaps in its source variable,no (forward fill only)
vol_season_sin_14,Vol season sin 14,local_met_eng,trailing 14 days (ends on day t),yes (00:00 local time after day t closes),before or at the origin,only through bidirectional interpolation of gaps in its source variable,no (forward fill only)
vol_season_cos_14,Vol season cos 14,local_met_eng,trailing 14 days (ends on day t),yes (00:00 local time after day t closes),before or at the origin,only through bidirectional interpolation of gaps in its source variable,no (forward fill only)
wind_speed_momentum,Wind speed momentum,local_wind_eng,day t,yes (00:00 local time after day t closes),before or at the origin,only through bidirectional interpolation of gaps in its source variable,no (forward fill only)
total_precipitation_roll_7_volatility,Total precipitation roll 7 volatility,local_met_eng,trailing 7 days (ends on day t),yes (00:00 local time after day t closes),before or at the origin,only through bidirectional interpolation of gaps in its source variable,no (forward fill only)
